iso3,country_name,income_group,peer_group,ppp_data_available,gdp_usd,gdp_ppp,actual_contribution_usd,adjusted_target_usd,gap_usd_signed,gap_pct_ppp_gdp,gap_usd_lower,gap_usd_upper,giving_rate_raw,giving_rate,p_donate,pred_donation_usd,expected_contribution,donor_segment,imr
USA,United States,HIC,High Income,True,28750956130731.2,25674728990086.7,3200000000.0,4316017524.892382,1116017524.8923817,0.004346754839450452,-31426043498669.855,31428275533719.637,0.7414242369369876,0.7414242369369876,0.9841250683487189,50493411167.214455,4316017524.892382,Under-Contributing Donor,0.040400524781754675
FRA,France,HIC,High Income,True,3160442622465.08,3756585907158.45,1345770000.0,1853073174.673462,507303174.6734619,0.013504367721413172,-3454116396516.002,3455131002865.3486,0.7262368364040152,0.7262368364040152,0.943869024986386,6137765407.950823,1853073174.673462,Under-Contributing Donor,0.11976617697343828
BEL,Belgium,HIC,High Income,True,671370081636.406,751216687125.378,200000000.0,597883874.3566413,397883874.3566413,0.052965260380356066,-733464828518.5553,734260596267.2687,0.3345131196508886,0.3345131196508886,0.9498202475231884,1286026584.211095,597883874.3566413,Under-Contributing Donor,0.10889549961158615
DEU,Germany,HIC,High Income,True,4685592577804.69,5224343287117.36,1758040000.0,2077624529.7418437,319584529.7418437,0.006117219182933538,-5121418443972.517,5122057613032.001,0.8461779184992806,0.8461779184992806,0.9374336461989655,9580290416.786968,2077624529.7418437,Reliable Donor,0.13130073041205473
SWE,Sweden,HIC,High Income,True,603715224265.798,665669058844.783,774280000.0,1031793247.5873622,257513247.58736217,0.03868487563989476,-659652876135.1393,660167902630.3141,0.7504216584189669,0.7504216584189669,0.9366404351962595,1564771444.8743963,1031793247.5873622,Under-Contributing Donor,0.1327079461777144
SAU,Saudi Arabia,HIC,High Income,True,1239804533333.33,2216602509388.35,700000000.0,883176602.7802905,183176602.78029048,0.0082638453220391,-1355025139280.6965,1355391492486.257,0.7925934606921876,0.7925934606921876,0.04736116051860908,1511176923.761026,883176602.7802905,Under-Contributing Donor,2.0852717717099507
CHE,Switzerland,HIC,High Income,True,936564198048.516,741034943164.658,655740000.0,831261925.7828845,175521925.78288448,0.023686052513704946,-1023566169146.7762,1023917212998.3419,0.788848832914394,0.788848832914394,0.9252355674932964,2019137339.0296137,831261925.7828845,Under-Contributing Donor,0.1526272058037454
NLD,Netherlands,HIC,High Income,True,1214927698572.66,1268520612483.41,1013090000.0,1163642777.13376,150552777.13375998,0.011868374518488871,-1327865336853.5706,1328166442407.8381,0.870619420244591,0.870619420244591,0.9498208871005109,2332793200.5289,1163642777.13376,Reliable Donor,0.10889431986595761
CAN,Canada,HIC,High Income,True,2243636826633.76,2341345308573.89,1197600000.0,1314411178.3353117,116811178.33531165,0.004989062395348303,-2452362755985.0156,2452596378341.6865,0.911130413176148,0.911130413176148,0.91869148120751,4354767629.328031,1314411178.3353117,Reliable Donor,0.16381892814847054
AUT,Austria,HIC,High Income,True,534790720466.822,585445837925.664,532730000.0,579105955.8303969,46375955.83039689,0.007921476732111537,-584523862455.371,584616614367.0319,0.9199180126477942,0.9199180126477942,0.9248844653598085,1228655119.6914718,579105955.8303969,Reliable Donor,0.15323177790337963
ISR,Israel,HIC,High Income,True,540379921261.681,472176550257.167,0.0,46233306.98301307,46233306.98301307,0.00979152966360411,-590633461226.282,590725927840.248,0.0,0.0,0.5446514243899568,138342001.2610697,46233306.98301307,High-Potential Prospect,0.7278799829638926
FIN,Finland,HIC,High Income,True,298696961297.656,315407096563.701,109930000.0,150930501.16079438,41000501.16079438,0.012999232296129945,-326459342896.8223,326541343899.14386,0.7283484726714428,0.7283484726714428,0.9231068455948344,707202158.7471116,150930501.16079438,Under-Contributing Donor,0.1562853739073849
HKG,"Hong Kong SAR, China",HIC,High Income,True,406863396487.342,497749120777.738,0.0,33378613.143576108,33378613.143576108,0.00670591102027899,-444701774004.659,444768531230.9461,0.0,0.0,0.3263557745687097,776208190.2571704,33378613.143576108,Emerging Prospect,1.1047060906583506
SGP,Singapore,HIC,High Income,True,547386645891.847,800303664054.59,55000000.0,85986705.46154061,30986705.46154061,0.0038718684985836775,-598307634078.3606,598369607489.2837,0.6396337632054053,0.6396337632054053,0.26642406187714984,1069075672.1336122,85986705.46154061,Under-Contributing Donor,1.2327518630348815
ROU,Romania,HIC,High Income,True,382564217988.866,771674274828.582,6500000.0,32941322.027181014,26441322.027181014,0.003426487429952829,-418147710843.7646,418200593487.8189,0.19732055667458115,0.19732055667458115,0.34253764786199015,158796298.5540819,32941322.027181014,Emerging Prospect,1.0727236571134962
TUR,Turkiye,UMC,Upper-Middle Income,True,1359123768774.12,3091883611271.66,0.0,21937793.86946587,21937793.86946587,0.0007095284502136572,-1485612115185.0066,1485655990772.7454,0.0,0.0,0.18230006751281141,158170341.63889664,21937793.86946587,Low Probability,1.4508791399594132
UKR,Ukraine,UMC,Upper-Middle Income,True,190741262414.705,577582962162.907,0.0,16022673.106345339,16022673.106345339,0.002774090330910099,-208479863619.17477,208511908965.38748,0.0,0.0,0.33416576393729436,99610375.64705072,16022673.106345339,Emerging Prospect,1.0891521872144916
MEX,Mexico,UMC,Upper-Middle Income,True,1856365616165.94,2884128005836.94,0.0,14816409.52134752,14816409.52134752,0.000513722327558342,-2029145468707.6619,2029175101526.7043,0.0,0.0,0.09014306966847807,1046033347.5034084,14816409.52134752,Low Probability,1.8036038355164357
IND,India,LMC,Lower-Middle Income,True,3909891533858.08,14245349560959.0,0.0,12620084.241454937,12620084.241454937,8.859090601779062e-05,-4273820374090.0713,4273845614258.5537,0.0,0.0,0.03645443989957783,632720679.3371682,12620084.241454937,Low Probability,2.1915531577916942
BRA,Brazil,UMC,Upper-Middle Income,True,2185821648943.86,4166273441898.55,0.0,12513954.860824931,12513954.860824931,0.0003003632631256768,-2389270309300.015,2389295337209.737,0.0,0.0,0.06465956026029852,889705073.5170913,12513954.860824931,Low Probability,1.9529699522069361
GRC,Greece,HIC,High Income,True,256238371778.118,389924903122.161,0.0,11387202.5634663,11387202.5634663,0.0029203578618057025,-280078226075.8429,280101000480.96985,0.0,0.0,0.9121423011574112,164832071.1571154,11387202.5634663,High-Potential Prospect,0.17486757425867863
BGR,Bulgaria,HIC,High Income,True,113343355779.985,220435278526.734,0.0,10265133.403517852,10265133.403517852,0.004656756156330446,-123883344039.1625,123903874305.96954,0.0,0.0,0.36028000881509037,36466427.36338152,10265133.403517852,Emerging Prospect,1.0386863960752137
ARG,Argentina,UMC,Upper-Middle Income,True,638365455340.04,1223376004342.6,0.0,6593945.244179174,6593945.244179174,0.0005389957969400039,-697779347620.5715,697792535511.0598,0.0,0.0,0.11666184611147096,489986416.08770156,6593945.244179174,Low Probability,1.6808422508860712
RUS,Russian Federation,HIC,High Income,True,2173835806671.66,6088997179872.49,0.0,5074660.527654333,5074660.527654333,8.334148264067026e-05,-2376176237280.7207,2376186386601.7764,0.0,0.0,0.026365325826911416,723593362.4143819,5074660.527654333,Low Probability,2.3176405770830413
ISL,Iceland,HIC,High Income,True,33255181468.9382,26015741028.9644,0.0,4715272.255466325,4715272.255466325,0.018124689395610977,-36345932964.003555,36355363508.51448,0.0,0.0,0.9026311979567689,34497478.64686519,4715272.255466325,High-Potential Prospect,0.19067196449034074
ARE,United Arab Emirates,HIC,High Income,True,552324846834.581,765771908236.642,0.0,4455603.24097292,4455603.24097292,0.0005818446972327472,-603732024926.3461,603740936132.828,0.0,0.0,0.091109741829149,195627245.97404474,4455603.24097292,Low Probability,1.7986522200740496
THA,Thailand,UMC,Upper-Middle Income,True,526517658841.684,1558101282937.74,0.0,3564363.9901704434,3564363.9901704434,0.00022876330500479227,-575523537318.1821,575530666046.1624,0.0,0.0,0.07645783416972227,400806142.2646452,3564363.9901704434,Low Probability,1.8787682382504718
IDN,Indonesia,UMC,Upper-Middle Income,True,1396300098190.97,4102194303076.81,0.0,3269862.9607708217,3269862.9607708217,7.971009462711929e-05,-1526267568532.6316,1526274108258.553,0.0,0.0,0.02644865970625646,542016154.4135852,3269862.9607708217,Low Probability,2.316439494923255
CHL,Chile,HIC,High Income,True,330267137371.592,596555875617.396,0.0,2800186.659282163,2800186.659282163,0.000469392184995941,-361006341976.7827,361011942350.1013,0.0,0.0,0.09575787626933374,312199494.32197356,2800186.659282163,Low Probability,1.775415535884454
MLT,Malta,HIC,High Income,True,24971574502.4475,35666988034.4529,0.0,2485965.81968689,2485965.81968689,0.006969934824004609,-27293498616.067684,27298470547.707058,0.0,0.0,0.39602341140935404,11606618.116221849,2485965.81968689,Emerging Prospect,0.9729591278448025
VNM,Viet Nam,LMC,Lower-Middle Income,True,476388230307.175,1455759302312.16,0.0,2353998.534940355,2353998.534940355,0.00016170245528924565,-520729159674.4523,520733867671.5221,0.0,0.0,0.05580820453888785,320217286.0637604,2353998.534940355,Low Probability,2.0163796665529086
COL,Colombia,UMC,Upper-Middle Income,True,418818154879.271,977192682078.988,0.0,2168742.3751342776,2168742.3751342776,0.00022193600248011014,-457800517951.5947,457804855436.345,0.0,0.0,0.05848376881886517,212250143.275975,2168742.3751342776,Low Probability,1.9963804900072175
GEO,Georgia,UMC,Upper-Middle Income,True,34189423544.9955,92059436458.5108,0.0,2132439.8539785664,2132439.8539785664,0.0023163729173376058,-37369719217.17095,37373984096.878914,0.0,0.0,0.24811707112665587,105408413.39941438,2132439.8539785664,Emerging Prospect,1.275611424387784
PER,Peru,UMC,Upper-Middle Income,True,289221969062.941,535911373084.806,0.0,2094686.9506982022,2094686.9506982022,0.0003908644331693863,-316141302979.51935,316145492353.4207,0.0,0.0,0.08179763257277128,236911204.78132784,2094686.9506982022,Low Probability,1.848234680699609
QAT,Qatar,HIC,High Income,True,219162637362.637,316903289158.333,0.0,2058320.0451634007,2058320.0451634007,0.0006495104707275573,-239560728151.02747,239564844791.1178,0.0,0.0,0.10607163693882399,127419624.37978604,2058320.0451634007,Low Probability,1.7269077111095932
MYS,Malaysia,UMC,Upper-Middle Income,True,422227005428.688,1213093813799.27,0.0,1849240.1320546044,1849240.1320546044,0.00015243999359480678,-461526991446.63965,461530689926.9038,0.0,0.0,0.04946524772614925,275286595.78504467,1849240.1320546044,Low Probability,2.0672020371458966
ALB,Albania,UMC,Upper-Middle Income,True,27046429296.6673,51443601344.7113,0.0,1841720.2402125455,1841720.2402125455,0.003580076417806789,-29562129786.825943,29565813227.306366,0.0,0.0,0.2708852497863329,81484505.81057043,1841720.2402125455,Emerging Prospect,1.2226093091738883
PHL,Philippines,LMC,Lower-Middle Income,True,461617509782.355,1201987017721.73,0.0,1806259.48589875,1806259.48589875,0.00015027279490275775,-504584095142.6636,504587707661.6354,0.0,0.0,0.04419272204209217,281034331.374648,1806259.48589875,Low Probability,2.113802308234625
BIH,Bosnia and Herzegovina,UMC,Upper-Middle Income,True,29613572022.8993,64954815907.2616,0.0,1788980.6088067205,1788980.6088067205,0.002754192408705945,-32368280646.856804,32371858608.074417,0.0,0.0,0.24031809418793054,87999191.87442751,1788980.6088067205,Emerging Prospect,1.2945246692700763
PRI,Puerto Rico (US),HIC,High Income,True,126029527033.705,141604056305.924,0.0,1719056.7005323046,1719056.7005323046,0.0012139883174097942,-137758918601.02505,137762356714.42612,0.0,0.0,0.1540532201302402,187633065.60799405,1719056.7005323046,Low Probability,1.5405367449062632
ZAF,South Africa,UMC,Upper-Middle Income,True,401144998373.585,870347572712.603,0.0,1323656.2523714488,1323656.2523714488,0.0001520836380626677,-438483149544.8035,438485796857.3083,0.0,0.0,0.03726719616574057,198541098.72707793,1323656.2523714488,Low Probability,2.182759627616971
KAZ,Kazakhstan,UMC,Upper-Middle Income,True,291480274648.826,740796393997.686,0.0,1273903.4431873385,1273903.4431873385,0.000171964044845407,-318610637490.40375,318613185297.2901,0.0,0.0,0.049360576917900224,198014576.3738171,1273903.4431873385,Low Probability,2.0680855135550695
MKD,North Macedonia,UMC,Upper-Middle Income,True,16951682245.4202,44155482553.4128,0.0,1261963.4726678755,1261963.4726678755,0.0028579995046851495,-18528320829.262028,18530844756.207363,0.0,0.0,0.296145825492265,48031927.44466844,1261963.4726678755,Emerging Prospect,1.1671617488844857
MDA,Moldova,UMC,Upper-Middle Income,True,18200340853.6517,39341631754.8437,0.0,1073982.0806852328,1073982.0806852328,0.002729886974128889,-19893395358.556202,19895543322.71757,0.0,0.0,0.23474110654756458,41370247.35535227,1073982.0806852328,Emerging Prospect,1.3083101104777126
GTM,Guatemala,UMC,Upper-Middle Income,True,113199581158.203,232672713446.216,0.0,1033473.1958650086,1033473.1958650086,0.0004441746436691226,-123735418213.80418,123737485160.1959,0.0,0.0,0.10311154230765562,134938273.25016448,1033473.1958650086,Low Probability,1.7404313063600638
BGD,Bangladesh,LMC,Lower-Middle Income,True,450119432068.852,1472986459828.03,0.0,1004379.335231448,1004379.335231448,6.818659659293192e-05,-492016552485.37396,492018561244.0444,0.0,0.0,0.025201296969815122,229978193.15685454,1004379.335231448,Low Probability,2.3347710560020487
SRB,Serbia,UMC,Upper-Middle Income,True,90097765959.1114,177181823265.525,0.0,1000528.4426651835,1000528.4426651835,0.0005646902285037386,-98483267263.37643,98485268320.26178,0.0,0.0,0.12542043487488874,149774570.25705937,1000528.4426651835,Low Probability,1.6451605223923904
IRQ,Iraq,UMC,Upper-Middle Income,True,279641257615.385,585886626484.749,0.0,964776.5017472166,964776.5017472166,0.00016466948691690785,-305669927364.521,305671856917.52454,0.0,0.0,0.038965329780897874,298505812.3328616,964776.5017472166,Low Probability,2.16490239307564
CRI,Costa Rica,HIC,High Income,True,95350423176.5962,138371299881.655,0.0,929513.5788749497,929513.5788749497,0.0006717531595568849,-104224924593.04599,104226783620.20374,0.0,0.0,0.11009966546304911,124552065.631585,929513.5788749497,Low Probability,1.7089768829341925
PAK,Pakistan,LMC,Lower-Middle Income,True,371570000121.266,1382061800204.16,0.0,910701.0200818965,910701.0200818965,6.589437751245035e-05,-406155657176.10345,406157478578.1436,0.0,0.0,0.02768140096070618,191875441.467969,910701.0200818965,Low Probability,2.2990442091826564
PAN,Panama,HIC,High Income,True,86523959131.7472,164344052511.367,0.0,909287.9424487371,909287.9424487371,0.0005532831450568284,-94576893733.35063,94578712309.23552,0.0,0.0,0.11869103974315709,92007977.18681398,909287.9424487371,Low Probability,1.6723939700691925
DOM,Dominican Republic,UMC,Upper-Middle Income,True,124282245638.568,276888443219.725,0.0,908377.704966487,908377.704966487,0.00032806631233996407,-135849807019.52383,135851623774.93378,0.0,0.0,0.08254870417273197,130514245.03517617,908377.704966487,Low Probability,1.8440709047829142
MCO,Monaco,HIC,High Income,False,11125783372.4794,,0.0,880086.6586750885,880086.6586750885,,-12160516118.728838,12162276292.046186,0.0,0.0,0.3146780654455836,42622037.25904282,880086.6586750885,Emerging Prospect,1.128398299548341
HUN,Hungary,HIC,High Income,True,222722738925.641,389051087730.184,23240000.0,24117029.7796456,877029.7796455994,0.00022542792124355656,-243453393230.75873,243455147290.318,0.9636344198411282,0.9636344198411282,0.9620146325255045,368900947.18663234,24117029.7796456,High-Potential Prospect,0.08588529030716467
ECU,Ecuador,UMC,Upper-Middle Income,True,124676074700.0,252727662993.613,0.0,853292.8050388655,853292.8050388655,0.00033763332234051094,-136280349656.88841,136282056242.49849,0.0,0.0,0.07729792731715264,133183238.88544664,853292.8050388655,Low Probability,1.8738517020701975
URY,Uruguay,HIC,High Income,True,80961511073.5797,108502123258.158,0.0,776079.9453334943,776079.9453334943,0.0007152670584030647,-88496813760.62068,88498365920.51134,0.0,0.0,0.10826317050559625,83321744.3831473,776079.9453334943,Low Probability,1.7170866520157222
MAC,"Macao SAR, China",HIC,High Income,True,49467258923.3244,76733436445.1954,0.0,739090.6285197898,739090.6285197898,0.0009631924005484409,-54071043077.009834,54072521258.26687,0.0,0.0,0.16874570791601567,136283816.74413982,739090.6285197898,Low Probability,1.4925038755173066
EGY,"Egypt, Arab Rep.",LMC,Lower-Middle Income,True,389059911003.566,1957627322504.22,0.0,717539.4982700248,717539.4982700248,3.665352899509697e-05,-425273761294.1431,425275196373.1397,0.0,0.0,0.020829661632824997,176795640.03044343,717539.4982700248,Low Probability,2.405945278879592
MNE,Montenegro,UMC,Upper-Middle Income,True,8270016670.86774,17524612407.7645,0.0,619934.4998808174,619934.4998808174,0.0035375076233135267,-9039188409.09625,9040428278.096014,0.0,0.0,0.29820234516032174,32369437.3195728,619934.4998808174,Emerging Prospect,1.1627851938021418
MAR,Morocco,LMC,Lower-Middle Income,True,160610994054.734,354338830185.762,0.0,609348.2954640697,609348.2954640697,0.00017196768842540317,-175560415727.23343,175561634423.82437,0.0,0.0,0.04284924915400479,117715176.18742746,609348.2954640697,Low Probability,2.1264244374388968
PRY,Paraguay,UMC,Upper-Middle Income,True,44458118397.4445,112919442526.934,0.0,545295.0954607137,545295.0954607137,0.0004829062943085711,-48595834328.36116,48596924918.55208,0.0,0.0,0.13852667146749037,77078662.62404442,545295.0954607137,Low Probability,1.5952174009719495
IRN,"Iran, Islamic Rep.",UMC,Upper-Middle Income,True,475252089215.416,1600982419419.64,0.0,499810.46041009057,499810.46041009057,3.121898493996412e-05,-519489118213.51746,519490117834.43823,0.0,0.0,0.01187775032651907,166091389.0184433,499810.46041009057,Low Probability,2.6063535794423385
DZA,Algeria,UMC,Upper-Middle Income,True,269322281664.773,725711643445.634,0.0,481055.051208498,481055.051208498,6.628735470254802e-05,-294390921744.1535,294391883854.2559,0.0,0.0,0.0201732271988985,130063004.29030213,481055.051208498,Low Probability,2.417738691304171
COD,"Congo, Dem. Rep.",LIC,Low Income,True,70962185790.7094,175068770052.875,0.0,447419.49416855583,447419.49416855583,0.00025556785144113613,-77567057547.01822,77567952386.00656,0.0,0.0,0.07120997017294631,82501182.76140518,447419.49416855583,Low Probability,1.910521089229305
CIV,Cote d'Ivoire,LMC,Lower-Middle Income,True,87113179149.284,215461462281.624,0.0,442134.88700081664,442134.88700081664,0.00020520369736603468,-95221426822.75494,95222311092.52893,0.0,0.0,0.057322326286117095,68477675.70150022,442134.88700081664,Low Probability,2.0049663610861677
LIE,Liechtenstein,HIC,High Income,False,8239379403.22096,,0.0,436017.3876970871,436017.3876970871,,-9005883273.075815,9006755307.85121,0.0,0.0,0.21051397934162985,25616568.4596546,436017.3876970871,Emerging Prospect,1.3710030502313335
OMN,Oman,HIC,High Income,True,107137198769.386,193943781868.603,0.0,410839.7229226183,410839.7229226183,0.0002118344393227118,-117109358328.78253,117110180008.22836,0.0,0.0,0.04330968512128347,86448307.98859659,410839.7229226183,Low Probability,2.122061313585568
KEN,Kenya,LMC,Lower-Middle Income,True,120339557905.932,329861910700.434,0.0,382402.4251660766,382402.4251660766,0.00011592803314395323,-131540651058.22089,131541415863.07123,0.0,0.0,0.03588931025285261,57598708.87068262,382402.4251660766,Low Probability,2.197766720596509
MMR,Myanmar,LMC,Lower-Middle Income,True,74068349523.8095,287558521666.165,0.0,374686.3233751311,374686.3233751311,0.00013029915483086095,-80962422689.93306,80963172062.57982,0.0,0.0,0.057133135531379706,76148963.475556,374686.3233751311,Low Probability,2.0063786292913206
NGA,Nigeria,LMC,Lower-Middle Income,True,252261880141.151,1860089921812.28,0.0,353940.6729079801,353940.6729079801,1.9028148518924116e-05,-275742626953.69946,275743334835.0453,0.0,0.0,0.01584644069351139,112026319.27225721,353940.6729079801,Low Probability,2.505166562816272
ARM,Armenia,UMC,Upper-Middle Income,True,25955275380.0321,60908993989.5524,0.0,310080.09973546164,310080.09973546164,0.0005090875409773622,-28370940460.091812,28371560620.291283,0.0,0.0,0.13492770693076028,57724132.69257597,310080.09973546164,Low Probability,1.60855572041276
AZE,Azerbaijan,UMC,Upper-Middle Income,True,74315882352.9412,225198385162.317,0.0,303645.12059874466,303645.12059874466,0.0001348345017571442,-81233067470.36192,81233674760.60313,0.0,0.0,0.04614637104480213,146058675.79901046,303645.12059874466,Low Probability,2.0960144145883985
ETH,Ethiopia,LIC,Low Income,True,149740297952.986,381946190066.437,0.0,273592.2745370657,273592.2745370657,7.163110449916417e-05,-163678186643.03516,163678733827.58423,0.0,0.0,0.02063564379663651,75541345.45179199,273592.2745370657,Low Probability,2.4093967522738167
GHA,Ghana,LMC,Lower-Middle Income,True,82308110386.4641,242906921529.863,0.0,273033.1299237456,273033.1299237456,0.00011240236721298157,-89969260600.12204,89969806666.3819,0.0,0.0,0.03746498835445881,46558973.25004331,273033.1299237456,Low Probability,2.180644416524941
BHR,Bahrain,HIC,High Income,True,47109734308.5106,93559684338.3106,0.0,272528.34041599394,272528.34041599394,0.00029128822135668505,-51494541353.57489,51495086410.25572,0.0,0.0,0.06533620455743376,54364328.864407495,272528.34041599394,Low Probability,1.9484250745463985
AGO,Angola,LMC,Lower-Middle Income,True,100998916781.079,337255560567.664,0.0,272042.9951586085,272042.9951586085,8.066375383128136e-05,-110399850102.82523,110400394188.81555,0.0,0.0,0.030421016201108767,85713451.16249025,272042.9951586085,Low Probability,2.2626626941559698
PNG,Papua New Guinea,LMC,Lower-Middle Income,True,31800428265.5246,45357628034.991,0.0,269179.14700122597,269179.14700122597,0.0005934594877703229,-34760214167.5518,34760752525.84581,0.0,0.0,0.09560075660693873,41421034.70511518,269179.14700122597,Low Probability,1.7761860817938513
BLR,Belarus,UMC,Upper-Middle Income,True,75961865471.9129,265220428363.568,0.0,263001.2715847913,263001.2715847913,9.91632783370161e-05,-83032303028.13577,83032829030.67896,0.0,0.0,0.03910345328518394,65388980.46578765,263001.2715847913,Low Probability,2.1634792491307286
VIR,Virgin Islands (U.S.),HIC,High Income,True,4672000000.0,4899522415.95903,0.0,261018.248353273,261018.248353273,0.005327422270853748,-5106619204.866081,5107141241.362787,0.0,0.0,0.22224892574862853,16849041.981885202,261018.248353273,Emerging Prospect,1.3400364655334376
LBY,Libya,UMC,Upper-Middle Income,True,48487151215.345,92881567242.442,0.0,255487.9505265084,255487.9505265084,0.0002750685180188947,-53000188351.26274,53000699327.16379,0.0,0.0,0.05951091661735706,53187532.365311,255487.9505265084,Low Probability,1.988904756162707
HND,Honduras,LMC,Lower-Middle Income,True,37093565854.0437,71296514097.7746,0.0,250397.39972584453,250397.39972584453,0.00035120566958218266,-40546067638.73226,40546568433.531715,0.0,0.0,0.07624021556537387,44293819.97056261,250397.39972584453,Low Probability,1.8800490046196872
UZB,Uzbekistan,LMC,Lower-Middle Income,True,114965293466.611,379988885832.125,0.0,231448.82502519057,231448.82502519057,6.09093669985501e-05,-125666289002.62675,125666751900.27681,0.0,0.0,0.02273741632012602,60557573.512460776,231448.82502519057,Low Probability,2.3734241832799974
LKA,Sri Lanka,LMC,Lower-Middle Income,True,98963185509.6499,301407170002.3,0.0,219580.2703259892,219580.2703259892,7.285170764992539e-05,-108174680868.2819,108175120028.82256,0.0,0.0,0.025059507690432442,46770642.579217784,219580.2703259892,Low Probability,2.3369043471974673
SLV,El Salvador,UMC,Upper-Middle Income,True,35364960000.0,73960892033.3419,0.0,212532.0889129448,212532.0889129448,0.0002873573899259279,-38656597145.82912,38657022210.00694,0.0,0.0,0.06787412207656784,42932659.49472284,212532.0889129448,Low Probability,1.9317170722779442
CMR,Cameroon,LMC,Lower-Middle Income,True,53296694320.2057,143199513689.651,0.0,203083.9326500448,203083.9326500448,0.00014181887034210063,-58257466903.48899,58257873071.35429,0.0,0.0,0.043035631216054006,53048766.5129148,203083.9326500448,Low Probability,2.124653507498481
TUN,Tunisia,LMC,Lower-Middle Income,True,51332285656.5422,156839034439.788,0.0,201785.83356933418,201785.83356933418,0.00012865791624520724,-56110207980.1459,56110611551.81304,0.0,0.0,0.04439693166577725,48565411.25505043,201785.83356933418,Low Probability,2.1119122391592047
KHM,Cambodia,LMC,Lower-Middle Income,True,46352647037.2406,123628404396.599,0.0,190791.05759363592,190791.05759363592,0.00015432623152004748,-50667064440.85334,50667446022.96853,0.0,0.0,0.046487518136452674,47999743.01954122,190791.05759363592,Low Probability,2.0929737290039694
CUB,Cuba,UMC,Upper-Middle Income,False,107352000000.0,,0.0,175037.6527367115,175037.6527367115,,-117344389541.06744,117344739616.37292,0.0,0.0,0.018415106147083207,60107223.4545585,175037.6527367115,Low Probability,2.451064781560476
GUY,Guyana,HIC,High Income,True,24662709832.1343,58605530526.6564,0.0,174955.8710111889,174955.8710111889,0.00029853133217796086,-26958195140.47671,26958545052.21873,0.0,0.0,0.0801199395724031,35849147.39581735,174955.8710111889,Low Probability,1.8576486998681039
TZA,Tanzania,LMC,Lower-Middle Income,True,78844405385.2195,246705840510.802,0.0,171864.40620242868,171864.40620242868,6.966369577898323e-05,-86183247348.99162,86183591077.80403,0.0,0.0,0.02461886037713868,49075345.93458239,171864.40620242868,Low Probability,2.3436016486997073
SMR,San Marino,HIC,High Income,True,2027527227.831,2402427595.62567,0.0,169586.68016379265,169586.68016379265,0.007058971536647988,-2216084416.2385364,2216423589.598864,0.0,0.0,0.5324611576081099,17493770.528254054,169586.68016379265,High-Potential Prospect,0.7467603867673454
JOR,Jordan,LMC,Lower-Middle Income,True,53352289577.4648,109986275190.311,0.0,166230.6227409582,166230.6227409582,0.0001511376055360787,-58318273945.111275,58318606406.35676,0.0,0.0,0.03518931848335666,35903061.93766448,166230.6227409582,Low Probability,2.2055800834128467
BHS,"Bahamas, The",HIC,High Income,True,15832800000.0,14544121121.0956,0.0,146795.1087678285,146795.1087678285,0.0010093088990775023,-17306405687.02441,17306699277.241947,0.0,0.0,0.10471448108479209,28887582.290579416,146795.1087678285,Low Probability,1.7330704213055923
HTI,Haiti,LMC,Lower-Middle Income,True,25224154990.7946,33076710100.7338,0.0,127141.77288270998,127141.77288270998,0.00038438457904520966,-27571948685.980156,27572202969.525925,0.0,0.0,0.056927815953754596,30894846.873468556,127141.77288270998,Low Probability,2.0079157103000393
MNG,Mongolia,UMC,Upper-Middle Income,True,23794540024.5132,59366772678.5888,0.0,124627.21516121681,124627.21516121681,0.0002099275563385389,-26009264471.520134,26009513725.950455,0.0,0.0,0.05915459188961159,30248641.034838356,124627.21516121681,Low Probability,1.9914859051712845
CHI,Channel Islands,HIC,High Income,False,12507320838.3932,,0.0,121794.25963903627,121794.25963903627,,-13671408478.372482,13671652066.891762,0.0,0.0,0.10998043038656191,24561561.518855814,121794.25963903627,Low Probability,1.7095001597020185
PSE,West Bank and Gaza,LMC,Lower-Middle Income,True,13711100000.0,20339449744.6379,0.0,113913.24584729937,113913.24584729937,0.0005600606077228337,-14987245981.262781,14987473807.754477,0.0,0.0,0.0938328298475759,24310799.476473577,113913.24584729937,Low Probability,1.7849269756590458
XKX,Kosovo,UMC,Upper-Middle Income,True,11197246322.588,25057318186.2675,0.0,111900.57668033986,111900.57668033986,0.0004465784241095131,-12239399186.359423,12239622987.512785,0.0,0.0,0.11286881830476586,22798683.588677213,111900.57668033986,Low Probability,1.696947895495375
BMU,Bermuda,HIC,High Income,True,9233600000.0,7065486356.13778,0.0,111837.11993855445,111837.11993855445,0.0015828651320146086,-10092972329.864103,10093196004.10398,0.0,0.0,0.13679423754942055,21724070.127317727,111837.11993855445,Low Probability,1.6016044209082279
TKM,Turkmenistan,UMC,Upper-Middle Income,True,51387209872.2994,139864561024.928,0.0,109625.1506325306,109625.1506325306,7.837950502199921e-05,-56170336825.5935,56170556075.89477,0.0,0.0,0.024093952562767116,37252232.03591368,109625.1506325306,Low Probability,2.3517168431766127
MUS,Mauritius,UMC,Upper-Middle Income,True,14937861786.17,34895712377.9512,0.0,107394.50046473468,107394.50046473468,0.0003077584412135163,-16328204020.61264,16328418809.613571,0.0,0.0,0.08119821667833166,19914085.127619937,107394.50046473468,Low Probability,1.8515800224354189
ZMB,Zambia,LMC,Lower-Middle Income,True,25303185342.2511,79037328495.5792,0.0,104288.86792930518,104288.86792930518,0.00013194887771939101,-27658358212.446533,27658566790.18239,0.0,0.0,0.04654956663213836,24628216.76521315,104288.86792930518,Low Probability,2.0924227071773585
JAM,Jamaica,UMC,Upper-Middle Income,True,22014397089.7689,32196993701.627,0.0,100996.42235828485,100996.42235828485,0.00031368277204458757,-24063445476.507595,24063647469.352314,0.0,0.0,0.051814591619370694,26164038.919291086,100996.42235828485,Low Probability,2.0477738587643275
NPL,Nepal,LMC,Lower-Middle Income,True,42914268286.7109,149643411660.469,0.0,100777.20106560909,100777.20106560909,6.734489674310947e-05,-46908723709.70622,46908925264.10835,0.0,0.0,0.02652243941296238,29687558.95232445,100777.20106560909,Low Probability,2.31537884806481
TTO,Trinidad and Tobago,HIC,High Income,True,25633544529.4849,43732137356.2569,0.0,99642.53476443743,99642.53476443743,0.00022784739275996365,-28019472619.012676,28019671904.082203,0.0,0.0,0.04390247347694622,18451264.57378573,99642.53476443743,Low Probability,2.116501463376529
BOL,Bolivia,LMC,Lower-Middle Income,True,54881327452.9667,140632330052.604,0.0,99610.67544214179,99610.67544214179,7.083056606178826e-05,-59989704710.34829,59989903931.69918,0.0,0.0,0.020499070223413747,36728937.430868864,99610.67544214179,Low Probability,2.411843372534508
CYM,Cayman Islands,HIC,High Income,True,7241244269.45972,5819365232.47743,0.0,97645.3997586837,97645.3997586837,0.0016779390166771493,-7915177857.691973,7915373148.491489,0.0,0.0,0.15229704454656334,19017311.377769478,97645.3997586837,Low Probability,1.5465055988501695
GAB,Gabon,UMC,Upper-Middle Income,True,20895684425.6752,48046268621.9384,0.0,97076.12783887783,97076.12783887783,0.00020204717374150446,-22840604452.536755,22840798604.79243,0.0,0.0,0.052469717964080065,27176203.534062635,97076.12783887783,Low Probability,2.042488090290697
SVN,Slovenia,HIC,High Income,True,72972015197.3859,103495686631.162,7760000.0,7856298.881629066,96298.88162906561,9.304627541846804e-05,-79764317496.567,79764510094.33025,0.9877424620575157,0.9877424620575157,0.9406867609576235,170635369.78491673,7856298.881629066,High-Potential Prospect,0.12549684624570936
BWA,Botswana,UMC,Upper-Middle Income,True,19402063512.9066,45553212807.2757,0.0,91944.18826555413,91944.18826555413,0.00020183908576228659,-21207959092.128704,21208142980.505238,0.0,0.0,0.05352161955926895,26754710.599945422,91944.18826555413,Low Probability,2.0341154813939526
GIN,Guinea,LMC,Lower-Middle Income,True,25008678293.4084,59260261425.5034,0.0,88793.33833895873,88793.33833895873,0.00014983622448338607,-27336453283.467865,27336630870.144547,0.0,0.0,0.04009982987071291,26111977.81797362,88793.33833895873,Low Probability,2.1533379887780715
UGA,Uganda,LIC,Low Income,True,53911907086.1525,144026964626.23,0.0,88125.70069436531,88125.70069436531,6.118694573829542e-05,-58930060009.7135,58930236261.11488,0.0,0.0,0.01846166107836183,31205717.316558994,88125.70069436531,Low Probability,2.450147033621495
BRN,Brunei Darussalam,HIC,High Income,True,15340808592.48,36588151541.3938,0.0,82378.11567914057,82378.11567914057,0.00022514970614446743,-16768683034.452833,16768847790.68419,0.0,0.0,0.06064800061329155,21400094.154237825,82378.11567914057,Low Probability,1.9807528802212049
NCL,New Caledonia,HIC,High Income,False,8548919387.12607,,0.0,81851.11312636713,81851.11312636713,,-9344590098.183468,9344753800.409721,0.0,0.0,0.10813499230794144,17959282.649567038,81851.11312636713,Low Probability,1.7176567171278816
KGZ,Kyrgyz Republic,LMC,Lower-Middle Income,True,17478259659.2625,50906871854.8587,0.0,76485.80128537295,76485.80128537295,0.0001502465158406171,-19105098725.74548,19105251697.34805,0.0,0.0,0.04942373011805542,31460737.719259642,76485.80128537295,Low Probability,2.0675522793225323
VEN,"Venezuela, RB",UMC,Upper-Middle Income,False,119802963257.783,,0.0,75888.78340605709,75888.78340605709,,-130954415492.14066,130954567269.70746,0.0,0.0,0.0071542302951503566,45718395.06397525,75888.78340605709,Low Probability,2.776724847901572
IMN,Isle of Man,HIC,High Income,False,7431257410.92713,,0.0,75122.76671673496,75122.76671673496,,-8122900370.541574,8123050616.075007,0.0,0.0,0.11417266932658465,16532532.093261853,75122.76671673496,Low Probability,1.691364312089077
BEN,Benin,LMC,Lower-Middle Income,True,21482643706.4249,56423799507.9997,0.0,71218.44813812232,71218.44813812232,0.00012622058202235218,-23482225075.335056,23482367512.231335,0.0,0.0,0.0374418816405559,22429908.989607904,71218.44813812232,Low Probability,2.180891030190543
FJI,Fiji,UMC,Upper-Middle Income,True,5968125909.27126,12624462706.4514,0.0,70673.24574849603,70673.24574849603,0.0005598119095585772,-6523581761.496171,6523723107.987668,0.0,0.0,0.13374265673800895,14518445.457576554,70673.24574849603,Low Probability,1.613007541316135
LBN,Lebanon,LMC,Lower-Middle Income,True,20078620356.9931,65415227251.247,0.0,67975.47449027185,67975.47449027185,0.00010391383986054417,-21947515331.15028,21947651282.099262,0.0,0.0,0.038235895427840325,30213046.578022975,67975.47449027185,Low Probability,2.172490079028615
SEN,Senegal,LMC,Lower-Middle Income,True,32808056600.9436,82535939325.2829,0.0,66923.12275816832,66923.12275816832,8.108361436878689e-05,-35861837061.07626,35861970907.32178,0.0,0.0,0.023038201786952286,26579504.1855351,66923.12275816832,Low Probability,2.3685156034113275
ABW,Aruba,HIC,High Income,True,4265650673.00236,4812141511.37331,0.0,65942.31345186936,65942.31345186936,0.0013703319675038078,-4662641048.41226,4662772933.039164,0.0,0.0,0.17459499027397496,13499971.025984244,65942.31345186936,Low Probability,1.474248702674019
GUM,Guam,HIC,High Income,False,6910000000.0,,0.0,65593.78472896606,65593.78472896606,,-7553132681.412347,7553263868.981805,0.0,0.0,0.1072105511032671,15081564.29344813,65593.78472896606,Low Probability,1.721784006012397
MOZ,Mozambique,LIC,Low Income,True,22745341305.0622,51958532879.6799,0.0,65149.859335116504,65149.859335116504,0.00012538818115974076,-24862463462.89965,24862593762.618324,0.0,0.0,0.03234997206477935,20793158.751517724,65149.859335116504,Low Probability,2.238704583631108
AND,Andorra,HIC,High Income,True,4039842405.48117,5402033635.11601,0.0,64438.05181083275,64438.05181083275,0.0011928480302668262,-4415815545.905986,4415944422.009608,0.0,0.0,0.1801485885213896,13170785.73336786,64438.05181083275,Low Probability,1.4573302535159194
PYF,French Polynesia,HIC,High Income,False,6323716355.05009,,0.0,64003.244294311946,64003.244294311946,,-6912278032.327324,6912406038.815912,0.0,0.0,0.11430954407599908,14541817.2841605,64003.244294311946,Low Probability,1.6907810726269183
FRO,Faroe Islands,HIC,High Income,True,4052937169.76536,3940289911.86911,0.0,62864.02259453801,62864.02259453801,0.0015954161749666264,-4430130774.205168,4430256502.250357,0.0,0.0,0.17518026622073046,12985264.608268421,62864.02259453801,Low Probability,1.4724471620588482
MDV,Maldives,UMC,Upper-Middle Income,True,7061608267.25451,12157538479.3976,0.0,62502.113149689016,62502.113149689016,0.0005141017094505298,-7718856077.386731,7718981081.61303,0.0,0.0,0.09996407792233725,12032933.427603198,62502.113149689016,Low Probability,1.755153410180336
CZE,Czechia,HIC,High Income,True,347034062928.479,523047638122.857,20720000.0,20781076.04028096,61076.0402809605,1.1676955563771142e-05,-379336709625.26526,379336831777.3458,0.9970609779704105,0.9970609779704105,0.9653189693365105,639690682.6496205,20781076.04028096,High-Potential Prospect,0.07944675479212165
ZWE,Zimbabwe,LMC,Lower-Middle Income,True,41539411516.4448,86752463870.312,0.0,60871.344261113336,60871.344261113336,7.016670368245809e-05,-45405932098.07867,45406053840.76719,0.0,0.0,0.01655028354468791,23893790.778754372,60871.344261113336,Low Probability,2.4896160077921023
COG,"Congo, Rep.",LMC,Lower-Middle Income,True,15719986076.6464,39147012969.3478,0.0,55410.82863374855,55410.82863374855,0.00014154548311804874,-17183182175.314297,17183292996.97156,0.0,0.0,0.03981029294774253,21779185.360911302,55410.82863374855,Low Probability,2.156262641943399
CUW,Curacao,HIC,High Income,True,3561178196.20713,4485931928.22728,0.0,53966.92378865697,53966.92378865697,0.0012030259186296493,-3892606671.1747828,3892714605.02236,0.0,0.0,0.17115391714688105,11549163.086242482,53966.92378865697,Low Probability,1.4849320610601706
MWI,Malawi,LIC,Low Income,True,11316411329.4619,35390077575.2599,0.0,53631.976762182196,53631.976762182196,0.00015154523650910175,-12369714607.547445,12369821871.50097,0.0,0.0,0.05352639137480338,12096375.150285946,53631.976762182196,Low Probability,2.0340778150395455
TCD,Chad,LIC,Low Income,True,19518819751.283,48979060781.1025,0.0,50600.92088709097,50600.92088709097,0.00010331133361914983,-21335624605.920414,21335725807.762188,0.0,0.0,0.02927910200660022,18664974.979928784,50600.92088709097,Low Probability,2.2774689770755474
BFA,Burkina Faso,LIC,Low Income,True,23124729853.0218,59994577724.1268,0.0,50527.4117704351,50527.4117704351,8.421996401537388e-05,-25277180969.005394,25277282023.828934,0.0,0.0,0.024677619866531126,21895933.98635965,50527.4117704351,Low Probability,2.342702591517094
YEM,"Yemen, Rep.",LIC,Low Income,False,21606160663.0318,,0.0,48710.17680330412,48710.17680330412,,-23617261775.15499,23617359195.5086,0.0,0.0,0.025462145198683034,19078769.1817853,48710.17680330412,Low Probability,2.3308735173007853
NAM,Namibia,LMC,Lower-Middle Income,True,13372354511.716,31153793845.0744,0.0,42754.14782046993,42754.14782046993,0.00013723576663915562,-14617040463.394457,14617125971.690096,0.0,0.0,0.036109648300882945,14630050.734593479,42754.14782046993,Low Probability,2.195334243894908
GNQ,Equatorial Guinea,UMC,Upper-Middle Income,True,12765777677.0622,29247753194.9258,0.0,40257.44601722915,40257.44601722915,0.00013764286695435268,-13954004595.221935,13954085110.113968,0.0,0.0,0.035616548277031666,29873731.894717287,40257.44601722915,Low Probability,2.2007956859113107
FSM,"Micronesia, Fed. Sts.",LMC,Lower-Middle Income,True,471425099.488675,432741079.241925,0.0,40056.22566971263,40056.22566971263,0.009256395473219933,-515266347.29711896,515346459.74845845,0.0,0.0,0.33800953956117097,4857213.4446638115,40056.22566971263,Emerging Prospect,1.0815787322742285
SOM,"Somalia, Fed. Rep.",LIC,Low Income,True,11967000000.0,26790260348.198,0.0,39252.493044946474,39252.493044946474,0.00014651777375350038,-13080875908.040009,13080954413.0261,0.0,0.0,0.03704544703906719,12167230.300267665,39252.493044946474,Low Probability,2.185142454188842
SDN,Sudan,LIC,Low Income,True,49672435513.1126,93905594489.6469,0.0,38371.69323327241,38371.69323327241,4.08619885128387e-05,-54296018682.211266,54296095425.597725,0.0,0.0,0.008724657655633284,24333601.14778752,38371.69323327241,Low Probability,2.7111129234676374
BRB,Barbados,HIC,High Income,True,7498050000.0,6168436783.44456,0.0,38270.97961400962,38270.97961400962,0.0006204323876143942,-8195947015.176888,8196023557.136117,0.0,0.0,0.05764665770355761,11789695.513249418,38270.97961400962,Low Probability,2.002554302417195
AFG,Afghanistan,LIC,Low Income,True,17152234636.8715,82238478027.9442,0.0,38264.205593089726,38264.205593089726,4.652834842114631e-05,-18748764785.72109,18748841314.132275,0.0,0.0,0.02519561003287999,15795238.709164336,38264.205593089726,Low Probability,2.334856418116602
GRL,Greenland,HIC,High Income,True,3326543974.39193,4039549554.24062,0.0,36750.82354709736,36750.82354709736,0.0009097752869132957,-3636149386.6213665,3636222888.2684603,0.0,0.0,0.12477474540118966,9129804.081070311,36750.82354709736,Low Probability,1.6477235415595535
RWA,Rwanda,LIC,Low Income,True,14251642235.0968,46542623255.6292,0.0,36507.720756713614,36507.720756713614,7.843932765929369e-05,-15578180503.691538,15578253519.13305,0.0,0.0,0.028931616125207733,15107541.93309061,36507.720756713614,Low Probability,2.282073347755334
MLI,Mali,LIC,Low Income,True,26794747239.8805,71384118790.3552,0.0,36096.23353312597,36096.23353312597,5.0566196157909255e-05,-29288826224.548958,29288898417.01602,0.0,0.0,0.01521476009264018,18956716.673808146,36096.23353312597,Low Probability,2.519650201108925
NER,Niger,LIC,Low Income,True,19876128485.7857,48751250109.2132,0.0,35583.260801694465,35583.260801694465,7.298943252117713e-05,-21726207455.296654,21726278621.81826,0.0,0.0,0.020219333417566317,16223324.222393928,35583.260801694465,Low Probability,2.4168994784867275
LBR,Liberia,LIC,Low Income,True,4779300900.0,9239025769.781,0.0,34168.032001105654,34168.032001105654,0.0003698228888251663,-5224134763.158712,5224203099.222715,0.0,0.0,0.08074366839911834,9699448.41552007,34168.032001105654,Low Probability,1.8541302478805841
DJI,Djibouti,LMC,Lower-Middle Income,True,4152145939.98458,8030434256.31262,0.0,33188.18222326623,33188.18222326623,0.0004132800439425481,-4538603794.778423,4538670171.14287,0.0,0.0,0.09027421941895164,9174978.161460202,33188.18222326623,Low Probability,1.802929547099811
MDG,Madagascar,LIC,Low Income,True,17420501490.1231,52967520949.4448,0.0,31882.06506954314,31882.06506954314,6.0191725982367924e-05,-19042008900.607273,19042072664.737415,0.0,0.0,0.020669914319738147,15745801.16566182,31882.06506954314,Low Probability,2.4087850415717837
TJK,Tajikistan,LMC,Lower-Middle Income,True,14204575548.5536,50369738870.8902,0.0,31034.124324652723,31034.124324652723,6.16126369132083e-05,-15526738218.153767,15526800286.402416,0.0,0.0,0.02467539538416681,19692087.44531808,31034.124324652723,Low Probability,2.342736593625808
MRT,Mauritania,LMC,Lower-Middle Income,True,10908045686.8808,33511586137.0969,0.0,28522.52572485831,28522.52572485831,8.511243128920191e-05,-11923362485.85618,11923419530.907629,0.0,0.0,0.029532071952314724,11768366.2281708,28522.52572485831,Low Probability,2.2741465438737523
TGO,Togo,LIC,Low Income,True,10651180146.531,28172476918.4511,0.0,27720.2739031404,27720.2739031404,9.839487661443593e-05,-11642588128.002695,11642643568.5505,0.0,0.0,0.029393592752609908,11458337.26301822,27720.2739031404,Low Probability,2.2759622354452156
SLE,Sierra Leone,LIC,Low Income,True,6971127235.3123,26779577207.271,0.0,25800.447907131405,25800.447907131405,9.634374623407517e-05,-7619989570.02101,7620041170.916825,0.0,0.0,0.041800080846650316,9586728.964969607,25800.447907131405,Low Probability,2.136516777071877
SYC,Seychelles,HIC,High Income,True,2167239562.46013,3548606461.02571,0.0,25308.35519701558,25308.35519701558,0.0007131913745572199,-2368945766.190783,2368996382.901177,0.0,0.0,0.13188939820841983,6685317.773177346,25308.35519701558,Low Probability,1.6200309052244668
SUR,Suriname,UMC,Upper-Middle Income,True,4416775112.09627,12167816754.4816,0.0,24137.396474496778,24137.396474496778,0.00019837080851506573,-4827874293.662703,4827922568.455652,0.0,0.0,0.061721720387680715,7980247.387996291,24137.396474496778,Low Probability,1.9731708628028317
BLZ,Belize,UMC,Upper-Middle Income,True,3203631800.0,5264035959.20123,0.0,22184.626445303686,22184.626445303686,0.0004214375930796264,-3501810837.967839,3501855207.2207294,0.0,0.0,0.0782100223466988,6934091.351652908,22184.626445303686,Low Probability,1.8685628501213003
SWZ,Eswatini,LMC,Lower-Middle Income,True,4858885840.77236,12900985341.5671,0.0,22125.077083474076,22125.077083474076,0.00017149912582403192,-5311139691.40646,5311183941.560627,0.0,0.0,0.051428159554163876,8167188.10546771,22125.077083474076,Low Probability,2.050918031047017
MHL,Marshall Islands,UMC,Upper-Middle Income,True,290108489.990234,270693540.418475,0.0,20478.085045667114,20478.085045667114,0.0075650438551320065,-317091959.86202574,317132916.0321171,0.0,0.0,0.280802220295768,586213.5692745841,20478.085045667114,Emerging Prospect,1.200453316955296
CPV,Cabo Verde,UMC,Upper-Middle Income,True,2725414150.72735,5169488779.6525,0.0,19438.922468192708,19438.922468192708,0.0003760318146874751,-2979082364.618997,2979121242.4639335,0.0,0.0,0.08055501200626425,4063944.8412280963,19438.922468192708,Low Probability,1.8551921218109202
LAO,Lao PDR,LMC,Lower-Middle Income,True,16502933121.3379,66822965068.7706,0.0,18556.722634322723,18556.722634322723,2.7769977903891488e-05,-18039044538.47015,18039081651.915417,0.0,0.0,0.012699687147333013,13891591.190121483,18556.722634322723,Low Probability,2.583163330643055
PLW,Palau,HIC,High Income,True,276733062.744141,291183210.455899,0.0,15914.248971532534,15914.248971532534,0.005465373139686163,-302476081.7291833,302507910.22712636,0.0,0.0,0.22876876736462642,369432.9404538326,15914.248971532534,Emerging Prospect,1.3233270277891518
ATG,Antigua and Barbuda,HIC,High Income,True,2207622874.07407,2754237217.77357,0.0,15648.221707159555,15648.221707159555,0.0005681508334205518,-2413097707.0231376,2413129003.4665523,0.0,0.0,0.08005583487123319,5210283.718344748,15648.221707159555,Low Probability,1.8580115741392422
SXM,Sint Maarten (Dutch part),HIC,High Income,True,1797836665.95136,2050593492.7802,0.0,15327.81281744779,15327.81281744779,0.0007474817837574575,-1965168001.3260934,1965198656.951728,0.0,0.0,0.09629036665517055,4860301.229478163,15327.81281744779,Low Probability,1.7728115952264005
TCA,Turks and Caicos Islands,HIC,High Income,True,1745378000.0,1553828160.67349,0.0,14538.566647573838,14538.566647573838,0.0009356611635402626,-1907827154.5110548,1907856231.6443498,0.0,0.0,0.09407732925812001,4689603.396560876,14538.566647573838,Low Probability,1.7837103168376123
NIC,Nicaragua,LMC,Lower-Middle Income,True,19693982967.5926,52988712244.5939,0.0,13523.346308731525,13523.346308731525,2.5521183165026296e-05,-21527129484.2631,21527156530.95572,0.0,0.0,0.007755387410689134,14342379.470765026,13523.346308731525,Low Probability,2.750209261907305
MNP,Northern Mariana Islands,HIC,High Income,False,1096000000.0,,0.0,12815.187379457027,12815.187379457027,,-1198005319.3446026,1198030949.7193613,0.0,0.0,0.13205878345164307,3880185.080971544,12815.187379457027,Low Probability,1.6193858309336653
TLS,Timor-Leste,LMC,Lower-Middle Income,True,1865608515.41321,5449823119.04932,0.0,10970.164045323565,10970.164045323565,0.0002012939467150491,-2039252563.9621537,2039274504.2902443,0.0,0.0,0.06641183683201142,4005105.6672106558,10970.164045323565,Low Probability,1.9412796090833109
WSM,Samoa,UMC,Upper-Middle Income,True,1175749785.65113,1675748413.54576,0.0,9761.903526759794,9761.903526759794,0.0005825399235261292,-1285181446.9305465,1285200970.7376,0.0,0.0,0.09377185099016183,4163413.609526154,9761.903526759794,Low Probability,1.7852308096255896
NRU,Nauru,HIC,High Income,True,162588620.632234,148964293.072557,0.0,9704.473021710215,9704.473021710215,0.006514630332910313,-177713029.09080774,177732438.03685117,0.0,0.0,0.2374397597269361,2511878.6943039675,9704.473021710215,Emerging Prospect,1.3016115172840046
ASM,American Samoa,HIC,High Income,False,871000000.0,,0.0,9654.418085143296,9654.418085143296,,-952064976.2181889,952084285.0543591,0.0,0.0,0.12518746138040576,3135121.5531816455,9654.418085143296,Low Probability,1.6460841098278682
BTN,Bhutan,LMC,Lower-Middle Income,True,3012896789.24928,11489317550.7216,0.0,9380.981483158295,9380.981483158295,8.164959704302987e-05,-3293334588.9033895,3293353350.8663554,0.0,0.0,0.035165509145977575,3808028.682040172,9380.981483158295,Low Probability,2.205848174542394
VUT,Vanuatu,LMC,Lower-Middle Income,True,1117972034.22642,1039724287.98133,0.0,9051.984121171841,9051.984121171841,0.0008706138950304471,-1222026322.9272482,1222044426.8954904,0.0,0.0,0.09144621386640067,2901828.6791635114,9051.984121171841,Low Probability,1.796938604737469
SLB,Solomon Islands,LMC,Lower-Middle Income,True,1583964703.75061,1927776122.51779,0.0,8451.612680068198,8451.612680068198,0.0004384125615701625,-1731395234.1097739,1731412137.3351338,0.0,0.0,0.060262476048633815,2886627.5604247744,8451.612680068198,Low Probability,1.983502421721521
LSO,Lesotho,LMC,Lower-Middle Income,True,2271759454.51107,6171463926.93622,0.0,7911.137590961876,7911.137590961876,0.0001281889951010263,-2483212001.087541,2483227823.362723,0.0,0.0,0.03933050106790111,4636025.152276752,7911.137590961876,Low Probability,2.1611491501809468
LCA,St. Lucia,UMC,Upper-Middle Income,True,2549062962.96296,4359235762.56497,0.0,7342.310105944313,7342.310105944313,0.00016843113118580457,-2786328109.9649415,2786342794.585153,0.0,0.0,0.03253157170503419,3840509.291475223,7342.310105944313,Low Probability,2.2365128177688276
CAF,Central African Republic,LIC,Low Income,True,2751494281.06887,5923566230.74976,0.0,7090.95068102215,7090.95068102215,0.00011970746008059122,-3007602439.871896,3007616621.773258,0.0,0.0,0.029106416253262223,3512289.413120458,7090.95068102215,Low Probability,2.2797512270903146
GMB,"Gambia, The",LIC,Low Income,True,2404888749.21907,8439171637.60406,0.0,6843.461333187947,6843.461333187947,8.109162400127288e-05,-2628734336.3711314,2628748023.293798,0.0,0.0,0.03213910013736871,3646673.9022575202,6843.461333187947,Low Probability,2.241262939622168
SYR,Syrian Arab Republic,LIC,Low Income,True,23622827079.5047,100065695233.932,0.0,6452.7990514251605,6452.7990514251605,6.448562653104951e-06,-25821686275.448948,25821699181.047054,0.0,0.0,0.0030850993591644755,9315800.902813831,6452.7990514251605,Low Probability,3.0412742137243245
TON,Tonga,UMC,Upper-Middle Income,True,591139749.44287,735360754.384418,0.0,5089.089639477983,5089.089639477983,0.0006920534729567041,-646159272.1104065,646169450.2896854,0.0,0.0,0.09723056805900215,1164837.0867004488,5089.089639477983,Low Probability,1.7682418697244335
MAF,St. Martin (French part),HIC,High Income,False,649206262.847519,,0.0,4751.147952007116,4751.147952007116,,-709631084.5665227,709640586.8624266,0.0,0.0,0.08265492564213262,1991405.9484687278,4751.147952007116,Low Probability,1.8434845181686372
COM,Comoros,LMC,Lower-Middle Income,True,1440991455.45188,3018062220.97688,0.0,4310.3575193017205,4310.3575193017205,0.00014281870961250603,-1575117856.9207532,1575126477.635792,0.0,0.0,0.03378351034912229,2475184.403605343,4310.3575193017205,Low Probability,2.2216822245116425
KNA,St. Kitts and Nevis,HIC,High Income,True,1122388888.88889,1436039666.27531,0.0,4257.506215187016,4257.506215187016,0.00029647553024978834,-1226859102.7913141,1226867617.8037443,0.0,0.0,0.042841514721820816,2466340.6987857237,4257.506215187016,Low Probability,2.126498067897594
GNB,Guinea-Bissau,LIC,Low Income,True,2218393804.54798,6041125849.26546,0.0,4193.971936937941,4193.971936937941,6.94236809757553e-05,-2424882674.077221,2424891062.0210943,0.0,0.0,0.02135205906235462,2306826.8862690064,4193.971936937941,Low Probability,2.396789809336869
GRD,Grenada,UMC,Upper-Middle Income,True,1371918518.51852,2080601216.89334,0.0,4042.8666404022274,4042.8666404022274,0.0001943124231388682,-1499615723.8171532,1499623809.5504339,0.0,0.0,0.03328234997432984,2364447.256690397,4042.8666404022274,Low Probability,2.227561504274297
STP,Sao Tome and Principe,LMC,Lower-Middle Income,True,822154621.088897,1293398436.04085,0.0,3814.2456907281885,3814.2456907281885,0.00029490105944489646,-898678800.2194269,898686428.7108083,0.0,0.0,0.05239719612846389,1927287.4742763308,3814.2456907281885,Low Probability,2.043070489596666
VCT,St. Vincent and the Grenadines,UMC,Upper-Middle Income,True,1157207407.40741,1882947831.4265,0.0,3327.134284104006,3327.134284104006,0.00017669816595945766,-1264919537.3628113,1264926191.6313794,0.0,0.0,0.03247222220422513,2041796.1302493447,3327.134284104006,Low Probability,2.237227961826176
KIR,Kiribati,LMC,Lower-Middle Income,True,307862564.489711,438143459.626784,0.0,2385.069205984004,2385.069205984004,0.0005443580529572746,-336516716.39265126,336521486.53106326,0.0,0.0,0.08749777071132114,971816.2520574406,2385.069205984004,Low Probability,1.8173758876160162
DMA,Dominica,UMC,Upper-Middle Income,True,688881481.481481,1240639596.30121,0.0,2104.3403561204864,2104.3403561204864,0.00016961737819704264,-753002008.2126292,753006216.8933414,0.0,0.0,0.03450041819673508,1385177.9202775718,2104.3403561204864,Low Probability,2.2134005452438315
BDI,Burundi,LIC,Low Income,True,3082433067.32634,14767865865.0483,0.0,795.6085642052709,795.6085642052709,5.387430868317064e-06,-3369352044.845813,3369353636.0629416,0.0,0.0,0.002915135055393498,1989178.775704038,795.6085642052709,Low Probability,3.0583844896032426
TUV,Tuvalu,UMC,Upper-Middle Income,True,62280311.5852172,57054510.9926258,0.0,390.2469404543842,390.2469404543842,0.0006839896331857492,-68077112.21965854,68077892.71353944,0.0,0.0,0.07076876485873099,283221.2570522572,390.2469404543842,Low Probability,1.913277085833295
SVK,Slovak Republic,HIC,High Income,True,140934076532.375,218612696723.355,3870000.0,3824161.0305070314,-45838.96949296864,-2.0968118585983088e-05,-154052581841.9836,154052490164.04465,1.0119866734500171,1.0,0.9505814373765175,271130861.77012694,3824161.0305070314,Exceeded Target,0.10748959839816356
PRT,Portugal,HIC,High Income,True,313271185085.102,451285619975.167,19970000.0,17421898.760761864,-2548101.2392381355,-0.0005646316050084536,-342433716676.30963,342428620473.8311,1.14625852636551,1.0,0.9162710721824704,420009157.6984222,17421898.760761864,Exceeded Target,0.16791909448949013
LUX,Luxembourg,HIC,High Income,True,93279851863.4062,86979306129.8114,82290000.0,78889725.12580356,-3400274.87419644,-0.00390929179076427,-101965949653.35733,101959149103.60895,1.0431016189849072,1.0,0.9864429279616043,290709048.9352832,78889725.12580356,Exceeded Target,0.0351879085456478
LVA,Latvia,HIC,High Income,True,43684254432.3609,70188039947.5369,11500000.0,7821380.532291824,-3678619.467708176,-0.005241091602583311,-47754161286.87415,47746804047.93874,1.4703286654472834,1.0,0.9481937335578358,113410377.29471526,7821380.532291824,Exceeded Target,0.11188748970196198
EST,Estonia,HIC,High Income,True,43130419829.35,56526269527.8885,6560000.0,2661609.1344398125,-3898390.8655601875,-0.0068966002853537494,-47148994290.080055,47141197508.34893,2.4646744389012927,1.0,0.37389351322341724,41433997.130148835,2661609.1344398125,Exceeded Target,1.0132324948341183
LTU,Lithuania,HIC,High Income,True,84869215513.3648,136226690609.618,12740000.0,8718585.00149322,-4021414.9985067807,-0.002952002269533851,-92773053576.05147,92765010746.05446,1.461246291435828,1.0,0.953839113280591,208562915.9007277,8718585.00149322,Exceeded Target,0.10142999224090897
HRV,Croatia,HIC,High Income,True,92983810328.9088,165586244677.558,6500000.0,1684466.8875808516,-4815533.112419149,-0.002908172186522085,-101643767168.07132,101634136101.84647,3.8587876365649314,1.0,0.3753833870134432,64767854.385030665,1684466.8875808516,Exceeded Target,1.0104794826625063
CYP,Cyprus,HIC,High Income,True,37634533331.8902,51220475871.3833,7760000.0,2779614.039359421,-4980385.960640579,-0.009723427742347673,-41142620364.29348,41132659592.3722,2.791754499048486,1.0,0.32558265822991717,32488692.224516094,2779614.039359421,Exceeded Target,1.1062581879439055
IRL,Ireland,HIC,High Income,True,609157459747.205,642302599499.143,153210000.0,145216322.96364483,-7993677.036355168,-0.0012445344363526641,-665867194007.8643,665851206653.7915,1.055046683962356,1.0,0.9592983548958427,1570326096.2831278,145216322.96364483,Exceeded Target,0.0911075171560347
AUS,Australia,HIC,High Income,True,1757022451652.83,1640076053462.49,285000000.0,276003393.8961611,-8996606.10383892,-0.0005485481045129278,-1920579032974.6558,1920561039762.4482,1.0325959981029207,1.0,0.8936208101077463,1908467994.4625695,276003393.8961611,Exceeded Target,0.2054108404080167
POL,Poland,HIC,High Income,True,917767106146.761,1650760655426.38,40670000.0,27828848.20355578,-12841151.796444219,-0.0007778930127897577,-1003207764911.6122,1003182082608.0194,1.4614331036094934,1.0,0.9329130565851091,1187510924.3846216,27828848.20355578,Exceeded Target,0.13928083243018427
ESP,Spain,HIC,High Income,True,1725671652742.19,2367229021292.26,433400000.0,411139327.03219527,-22260672.96780473,-0.0009403683702581818,-1886323295557.0193,1886278774211.0837,1.0541438668212384,1.0,0.9061137934531326,1980853294.4230933,411139327.03219527,Exceeded Target,0.18491614030036885
ITA,Italy,HIC,High Income,True,2380825077243.59,3140115970004.12,794200000.0,771186675.8804948,-23013324.119505167,-0.0007328813438528824,-2602460620702.1553,2602414594053.916,1.0298414441525847,1.0,0.9348094759954453,2842481775.3893433,771186675.8804948,Exceeded Target,0.1359447346280891
JPN,Japan,HIC,High Income,True,4027597523550.58,5716122875047.88,2772140000.0,2748485199.6924143,-23654800.307585716,-0.00041382595904024505,-4402518975794.556,4402471666193.94,1.0086064863329929,1.0,0.8188626030490646,4964245904.29962,2748485199.6924143,Exceeded Target,0.3217129322450922
NZL,New Zealand,HIC,High Income,True,260172385097.616,260760464700.573,65000000.0,40869404.49591343,-24130595.50408657,-0.009253931776734383,-284413943963.55365,284365682772.5455,1.590431786362324,1.0,0.8359048930155923,340918086.53944623,40869404.49591343,Exceeded Target,0.2959067262260325
KWT,Kuwait,HIC,High Income,True,160227273053.334,225947312136.531,95000000.0,25169439.989708893,-69830560.0102911,-0.030905682988649697,-175211417023.9717,175071755903.95114,3.7744185027097523,1.0,0.07861771253060142,291216834.6774728,25169439.989708893,Exceeded Target,1.8662150590349438
DNK,Denmark,HIC,High Income,True,424524722037.047,426944264564.674,479320000.0,395453659.38858145,-83866340.61141855,-0.01964339319487787,-464124300243.4683,463956567562.24554,1.2120762790287134,1.0,0.9407917546122732,1351581212.0606642,395453659.38858145,Exceeded Target,0.12530862979872903
NOR,Norway,HIC,High Income,True,483592648313.301,507663853531.356,468210000.0,376263741.39859015,-91946258.60140985,-0.018111641780643492,-528698481300.28174,528514588783.079,1.2443665133920192,1.0,0.8856109453710024,2254113598.4950438,376263741.39859015,Exceeded Target,0.21834432245705107
KOR,"Korea, Rep.",HIC,High Income,True,1875388209406.8,2849979724104.21,620100000.0,498046609.66578424,-122053390.33421576,-0.004282605567398515,-2050075597329.028,2049831490548.3596,1.245064192719071,1.0,0.8983237551641314,1690816221.741696,498046609.66578424,Exceeded Target,0.19774446831031223
GBR,United Kingdom,HIC,High Income,True,3686033044482.13,3642753739205.27,2519560000.0,2267333255.03731,-252226744.96268988,-0.006924067972207133,-4029389482012.9585,4028885028523.0327,1.111243790211395,1.0,0.965131738168674,5718781679.723686,2267333255.03731,Exceeded Target,0.07981423689605276
CHN,China,UMC,Upper-Middle Income,True,18743803170827.2,33597882047418.8,1500050000.0,23538508.00652756,-1476511491.9934723,-0.004394656454563353,-20489994858890.758,20487041835906.773,63.72748857251339,1.0,0.01731646297164251,4403690783.486763,23538508.00652756,Exceeded Target,2.4733365937015637
ERI,Eritrea,LIC,Low Income,False,,,0.0,,,,,,,,0.00022503724092633718,0.021615972055192684,,Low Probability,3.7597239252329153
PRK,"Korea, Dem. People's Rep.",LIC,Low Income,False,,,0.0,,,,,,,,0.0005373519163371887,0.02772664464280186,,Low Probability,3.535325702487768
SSD,South Sudan,LIC,Low Income,False,,,0.0,,,,,,,,0.01088432693899446,0.07517014123695755,,Low Probability,2.636367473336479
