rank,iso3,country_name,income_group,peer_group,ppp_data_available,gdp_usd,gdp_ppp,actual_contribution_usd,adjusted_target_usd,gap_usd_signed,gap_pct_ppp_gdp,gap_usd_lower,gap_usd_upper,giving_rate_raw,giving_rate,p_donate,pred_donation_usd,expected_contribution,donor_segment,imr
1,USA,United States,HIC,High Income,True,28750956130731.2,25674728990086.7,3200000000.0,4316017524.892382,1116017524.8923817,0.004346754839450452,-34751776679541.31,34754008714591.09,0.7414242369369876,0.7414242369369876,0.9841250683487189,60850963901.96275,4316017524.892382,Under-Contributing Donor,0.040400524781754675
2,FRA,France,HIC,High Income,True,3160442622465.08,3756585907158.45,1345770000.0,1853073174.673462,507303174.6734619,0.013504367721413172,-3819696895751.566,3820711502100.9126,0.7262368364040152,0.7262368364040152,0.943869024986386,8702406668.894785,1853073174.673462,Under-Contributing Donor,0.11976617697343828
3,BEL,Belgium,HIC,High Income,True,671370081636.406,751216687125.378,200000000.0,597883874.3566413,397883874.3566413,0.052965260380356066,-811124776486.5461,811920544235.2595,0.3345131196508886,0.3345131196508886,0.9498202475231884,1769397084.3620455,597883874.3566413,Under-Contributing Donor,0.10889549961158615
4,DEU,Germany,HIC,High Income,True,4685592577804.69,5224343287117.36,1758040000.0,2077624529.7418437,319584529.7418437,0.006117219182933538,-5663418878225.684,5664058047285.168,0.8461779184992806,0.8461779184992806,0.9374336461989655,12810387879.410414,2077624529.7418437,Reliable Donor,0.13130073041205473
5,SWE,Sweden,HIC,High Income,True,603715224265.798,665669058844.783,774280000.0,1031793247.5873622,257513247.58736217,0.03868487563989476,-729486927705.7557,730001954200.9305,0.7504216584189669,0.7504216584189669,0.9366404351962595,2000863057.0356307,1031793247.5873622,Under-Contributing Donor,0.1327079461777144
6,SAU,Saudi Arabia,HIC,High Income,True,1239804533333.33,2216602509388.35,700000000.0,883176602.7802905,183176602.78029048,0.0082638453220391,-1498438076768.8606,1498804429974.4211,0.7925934606921876,0.7925934606921876,0.04736116051860908,703212516.0679327,883176602.7802905,Under-Contributing Donor,2.0852717717099507
7,CHE,Switzerland,HIC,High Income,True,936564198048.516,741034943164.658,655740000.0,831261925.7828845,175521925.78288448,0.023686052513704946,-1131902135968.308,1132253179819.874,0.788848832914394,0.788848832914394,0.9252355674932964,2598682013.2261415,831261925.7828845,Under-Contributing Donor,0.1526272058037454
8,NLD,Netherlands,HIC,High Income,True,1214927698572.66,1268520612483.41,1013090000.0,1163642777.13376,150552777.13375998,0.011868374518488871,-1468400675613.455,1468701781167.7227,0.870619420244591,0.870619420244591,0.9498208871005109,3347631219.7555513,1163642777.13376,Reliable Donor,0.10889431986595761
9,CAN,Canada,HIC,High Income,True,2243636826633.76,2341345308573.89,1197600000.0,1314411178.3353117,116811178.33531165,0.004989062395348303,-2711892818436.9336,2712126440793.6045,0.911130413176148,0.911130413176148,0.91869148120751,5823306160.913741,1314411178.3353117,Reliable Donor,0.16381892814847054
10,AUT,Austria,HIC,High Income,True,534790720466.822,585445837925.664,532730000.0,579105955.8303969,46375955.83039689,0.007921476732111537,-646385152764.864,646477904676.5249,0.9199180126477942,0.9199180126477942,0.9248844653598085,1505237245.8797605,579105955.8303969,Reliable Donor,0.15323177790337963
11,ISR,Israel,HIC,High Income,True,540379921261.681,472176550257.167,0.0,46233306.98301307,46233306.98301307,0.00979152966360411,-653141275792.342,653233742406.3081,0.0,0.0,0.5446514243899568,156391009.58822507,46233306.98301307,High-Potential Prospect,0.7278799829638926
12,FIN,Finland,HIC,High Income,True,298696961297.656,315407096563.701,109930000.0,150930501.16079438,41000501.16079438,0.012999232296129945,-361010764098.12573,361092765100.44727,0.7283484726714428,0.7283484726714428,0.9231068455948344,838937473.8830459,150930501.16079438,Under-Contributing Donor,0.1562853739073849
13,HKG,"Hong Kong SAR, China",HIC,High Income,True,406863396487.342,497749120777.738,0.0,33378613.143576108,33378613.143576108,0.00670591102027899,-491765220925.4275,491831978151.7146,0.0,0.0,0.3263557745687097,127393430.25244376,33378613.143576108,Emerging Prospect,1.1047060906583506
14,SGP,Singapore,HIC,High Income,True,547386645891.847,800303664054.59,55000000.0,85986705.46154061,30986705.46154061,0.0038718684985836775,-661625943310.6091,661687916721.5322,0.6396337632054053,0.6396337632054053,0.26642406187714984,455589679.9859143,85986705.46154061,Under-Contributing Donor,1.2327518630348815
15,ROU,Romania,HIC,High Income,True,382564217988.866,771674274828.582,6500000.0,32941322.027181014,26441322.027181014,0.003426487429952829,-462400378747.90344,462453261391.95776,0.19732055667458115,0.19732055667458115,0.34253764786199015,250608279.15781695,32941322.027181014,Emerging Prospect,1.0727236571134962
16,TUR,Turkiye,UMC,Upper-Middle Income,True,1359123768774.12,3091883611271.66,0.0,21937793.86946587,21937793.86946587,0.0007095284502136572,-1642827165500.9072,1642871041088.646,0.0,0.0,0.18230006751281141,239191828.78986064,21937793.86946587,Low Probability,1.4508791399594132
17,UKR,Ukraine,UMC,Upper-Middle Income,True,190741262414.705,577582962162.907,0.0,16022673.106345339,16022673.106345339,0.002774090330910099,-230543635776.50653,230575681122.71924,0.0,0.0,0.33416576393729436,10988196.004934633,16022673.106345339,Emerging Prospect,1.0891521872144916
18,MEX,Mexico,UMC,Upper-Middle Income,True,1856365616165.94,2884128005836.94,0.0,14816409.52134752,14816409.52134752,0.000513722327558342,-2243878387412.683,2243908020231.726,0.0,0.0,0.09014306966847807,210678447.36922607,14816409.52134752,Low Probability,1.8036038355164357
19,IND,India,LMC,Lower-Middle Income,True,3909891533858.08,14245349560959.0,0.0,12620084.241454937,12620084.241454937,8.859090601779062e-05,-4726092498489.487,4726117738657.97,0.0,0.0,0.03645443989957783,230070318.7418474,12620084.241454937,Low Probability,2.1915531577916942
20,BRA,Brazil,UMC,Upper-Middle Income,True,2185821648943.86,4166273441898.55,0.0,12513954.860824931,12513954.860824931,0.0003003632631256768,-2642112668778.6133,2642137696688.335,0.0,0.0,0.06465956026029852,182095796.18767026,12513954.860824931,Low Probability,1.9529699522069361
21,GRC,Greece,HIC,High Income,True,256238371778.118,389924903122.161,0.0,11387202.5634663,11387202.5634663,0.0029203578618057025,-309718299656.7033,309741074061.83026,0.0,0.0,0.9121423011574112,161229763.63641676,11387202.5634663,High-Potential Prospect,0.17486757425867863
22,BGR,Bulgaria,HIC,High Income,True,113343355779.985,220435278526.734,0.0,10265133.403517852,10265133.403517852,0.004656756156330446,-136994203985.34363,137014734252.15067,0.0,0.0,0.36028000881509037,47425631.871607445,10265133.403517852,Emerging Prospect,1.0386863960752137
23,ARG,Argentina,UMC,Upper-Middle Income,True,638365455340.04,1223376004342.6,0.0,6593945.244179174,6593945.244179174,0.0005389957969400039,-771621524092.6516,771634711983.1399,0.0,0.0,0.11666184611147096,92434079.16617012,6593945.244179174,Low Probability,1.6808422508860712
24,RUS,Russian Federation,HIC,High Income,True,2173835806671.66,6088997179872.49,0.0,5074660.527654333,5074660.527654333,8.334148264067026e-05,-2627632148490.813,2627642297811.8687,0.0,0.0,0.026365325826911416,174839930.80603713,5074660.527654333,Low Probability,2.3176405770830413
25,ISL,Iceland,HIC,High Income,True,33255181468.9382,26015741028.9644,0.0,4715272.255466325,4715272.255466325,0.018124689395610977,-40192687136.082504,40202117680.59343,0.0,0.0,0.9026311979567689,33668409.59673914,4715272.255466325,High-Potential Prospect,0.19067196449034074
26,ARE,United Arab Emirates,HIC,High Income,True,552324846834.581,765771908236.642,0.0,4455603.24097292,4455603.24097292,0.0005818446972327472,-667621554769.6375,667630465976.1194,0.0,0.0,0.091109741829149,74509896.9370672,4455603.24097292,Low Probability,1.7986522200740496
27,THA,Thailand,UMC,Upper-Middle Income,True,526517658841.684,1558101282937.74,0.0,3564363.9901704434,3564363.9901704434,0.00022876330500479227,-636427850912.5701,636434979640.5503,0.0,0.0,0.07645783416972227,83855585.11791354,3564363.9901704434,Low Probability,1.8787682382504718
28,IDN,Indonesia,UMC,Upper-Middle Income,True,1396300098190.97,4102194303076.81,0.0,3269862.9607708217,3269862.9607708217,7.971009462711929e-05,-1687782947217.524,1687789486943.4453,0.0,0.0,0.02644865970625646,132190179.50486454,3269862.9607708217,Low Probability,2.316439494923255
29,CHL,Chile,HIC,High Income,True,330267137371.592,596555875617.396,0.0,2800186.659282163,2800186.659282163,0.000469392184995941,-399209606324.3674,399215206697.686,0.0,0.0,0.09575787626933374,62930946.76310687,2800186.659282163,Low Probability,1.775415535884454
30,MLT,Malta,HIC,High Income,True,24971574502.4475,35666988034.4529,0.0,2485965.81968689,2485965.81968689,0.006969934824004609,-30182056253.030037,30187028184.66941,0.0,0.0,0.39602341140935404,14433644.748614624,2485965.81968689,Emerging Prospect,0.9729591278448025
31,VNM,Viet Nam,LMC,Lower-Middle Income,True,476388230307.175,1455759302312.16,0.0,2353998.534940355,2353998.534940355,0.00016170245528924565,-575834810328.475,575839518325.5448,0.0,0.0,0.05580820453888785,69966965.06574517,2353998.534940355,Low Probability,2.0163796665529086
32,COL,Colombia,UMC,Upper-Middle Income,True,418818154879.271,977192682078.988,0.0,2168742.3751342776,2168742.3751342776,0.00022193600248011014,-506246817549.42053,506251155034.1708,0.0,0.0,0.05848376881886517,42210829.186023615,2168742.3751342776,Low Probability,1.9963804900072175
33,GEO,Georgia,UMC,Upper-Middle Income,True,34189423544.9955,92059436458.5108,0.0,2132439.8539785664,2132439.8539785664,0.0023163729173376058,-41324540747.32949,41328805627.03745,0.0,0.0,0.24811707112665587,18365347.37978709,2132439.8539785664,Emerging Prospect,1.275611424387784
34,PER,Peru,UMC,Upper-Middle Income,True,289221969062.941,535911373084.806,0.0,2094686.9506982022,2094686.9506982022,0.0003908644331693863,-349596715550.0069,349600904923.90826,0.0,0.0,0.08179763257277128,47633490.9122819,2094686.9506982022,Low Probability,1.848234680699609
35,QAT,Qatar,HIC,High Income,True,219162637362.637,316903289158.333,0.0,2058320.0451634007,2058320.0451634007,0.0006495104707275573,-264912109571.87494,264916226211.96527,0.0,0.0,0.10607163693882399,40237805.673950225,2058320.0451634007,Low Probability,1.7269077111095932
36,MYS,Malaysia,UMC,Upper-Middle Income,True,422227005428.688,1213093813799.27,0.0,1849240.1320546044,1849240.1320546044,0.00015243999359480678,-510367605839.74664,510371304320.0108,0.0,0.0,0.04946524772614925,61021191.31628375,1849240.1320546044,Low Probability,2.0672020371458966
37,ALB,Albania,UMC,Upper-Middle Income,True,27046429296.6673,51443601344.7113,0.0,1841720.2402125455,1841720.2402125455,0.003580076417806789,-32690693822.297295,32694377262.777718,0.0,0.0,0.2708852497863329,13455827.855326612,1841720.2402125455,Emerging Prospect,1.2226093091738883
38,PHL,Philippines,LMC,Lower-Middle Income,True,461617509782.355,1201987017721.73,0.0,1806259.48589875,1806259.48589875,0.00015027279490275775,-557981159997.612,557984772516.5837,0.0,0.0,0.04419272204209217,63310172.31660279,1806259.48589875,Low Probability,2.113802308234625
39,BIH,Bosnia and Herzegovina,UMC,Upper-Middle Income,True,29613572022.8993,64954815907.2616,0.0,1788980.6088067205,1788980.6088067205,0.002754192408705945,-35793795910.86615,35797373872.08377,0.0,0.0,0.24031809418793054,15210742.194723498,1788980.6088067205,Emerging Prospect,1.2945246692700763
40,PRI,Puerto Rico (US),HIC,High Income,True,126029527033.705,141604056305.924,0.0,1719056.7005323046,1719056.7005323046,0.0012139883174097942,-152337236550.51126,152340674663.91232,0.0,0.0,0.1540532201302402,34638621.8798623,1719056.7005323046,Low Probability,1.5405367449062632
41,ZAF,South Africa,UMC,Upper-Middle Income,True,401144998373.585,870347572712.603,0.0,1323656.2523714488,1323656.2523714488,0.0001520836380626677,-484885127460.4412,484887774772.946,0.0,0.0,0.03726719616574057,43754578.97834689,1323656.2523714488,Low Probability,2.182759627616971
42,KAZ,Kazakhstan,UMC,Upper-Middle Income,True,291480274648.826,740796393997.686,0.0,1273903.4431873385,1273903.4431873385,0.000171964044845407,-352327276914.89136,352329824721.7777,0.0,0.0,0.049360576917900224,43289182.64959131,1273903.4431873385,Low Probability,2.0680855135550695
43,MKD,North Macedonia,UMC,Upper-Middle Income,True,16951682245.4202,44155482553.4128,0.0,1261963.4726678755,1261963.4726678755,0.0028579995046851495,-20489186821.29503,20491710748.240364,0.0,0.0,0.296145825492265,7316110.248669566,1261963.4726678755,Emerging Prospect,1.1671617488844857
44,MDA,Moldova,UMC,Upper-Middle Income,True,18200340853.6517,39341631754.8437,0.0,1073982.0806852328,1073982.0806852328,0.002729886974128889,-21998698472.82242,22000846436.983788,0.0,0.0,0.23474110654756458,6507353.788903073,1073982.0806852328,Emerging Prospect,1.3083101104777126
45,GTM,Guatemala,UMC,Upper-Middle Income,True,113199581158.203,232672713446.216,0.0,1033473.1958650086,1033473.1958650086,0.0004441746436691226,-136829647198.98167,136831714145.3734,0.0,0.0,0.10311154230765562,26314312.11812099,1033473.1958650086,Low Probability,1.7404313063600638
46,BGD,Bangladesh,LMC,Lower-Middle Income,True,450119432068.852,1472986459828.03,0.0,1004379.335231448,1004379.335231448,6.818659659293192e-05,-544083590665.93427,544085599424.6047,0.0,0.0,0.025201296969815122,56417810.16571647,1004379.335231448,Low Probability,2.3347710560020487
47,SRB,Serbia,UMC,Upper-Middle Income,True,90097765959.1114,177181823265.525,0.0,1000528.4426651835,1000528.4426651835,0.0005646902285037386,-108905220829.37727,108907221886.26262,0.0,0.0,0.12542043487488874,29615839.79214463,1000528.4426651835,Low Probability,1.6451605223923904
48,IRQ,Iraq,UMC,Upper-Middle Income,True,279641257615.385,585886626484.749,0.0,964776.5017472166,964776.5017472166,0.00016466948691690785,-338017102358.0524,338019031911.05597,0.0,0.0,0.038965329780897874,77560657.1907616,964776.5017472166,Low Probability,2.16490239307564
49,CRI,Costa Rica,HIC,High Income,True,95350423176.5962,138371299881.655,0.0,929513.5788749497,929513.5788749497,0.0006717531595568849,-115254473131.41927,115256332158.57701,0.0,0.0,0.11009966546304911,24127171.13029361,929513.5788749497,Low Probability,1.7089768829341925
50,PAK,Pakistan,LMC,Lower-Middle Income,True,371570000121.266,1382061800204.16,0.0,910701.0200818965,910701.0200818965,6.589437751245035e-05,-449136581803.4709,449138403205.51105,0.0,0.0,0.02768140096070618,45605204.76735183,910701.0200818965,Low Probability,2.2990442091826564
51,PAN,Panama,HIC,High Income,True,86523959131.7472,164344052511.367,0.0,909287.9424487371,909287.9424487371,0.0005532831450568284,-104585451379.79504,104587269955.67993,0.0,0.0,0.11869103974315709,16420294.390273785,909287.9424487371,Low Probability,1.6723939700691925
52,DOM,Dominican Republic,UMC,Upper-Middle Income,True,124282245638.568,276888443219.725,0.0,908377.704966487,908377.704966487,0.00032806631233996407,-150226010239.82666,150227826995.23657,0.0,0.0,0.08254870417273197,26371779.465285957,908377.704966487,Low Probability,1.8440709047829142
53,MCO,Monaco,HIC,High Income,False,11125783372.4794,,0.0,880086.6586750885,880086.6586750885,,-13447478081.203985,13449238254.521334,0.0,0.0,0.3146780654455836,6667600.705919503,880086.6586750885,Emerging Prospect,1.128398299548341
54,HUN,Hungary,HIC,High Income,True,222722738925.641,389051087730.184,23240000.0,24117029.7796456,877029.7796455994,0.00022542792124355656,-269216585230.7577,269218339290.31696,0.9636344198411282,0.9636344198411282,0.9620146325255045,443061295.87018085,24117029.7796456,High-Potential Prospect,0.08588529030716467
55,ECU,Ecuador,UMC,Upper-Middle Income,True,124676074700.0,252727662993.613,0.0,853292.8050388655,853292.8050388655,0.00033763332234051094,-150702108592.66864,150703815178.27875,0.0,0.0,0.07729792731715264,27523711.265003767,853292.8050388655,Low Probability,1.8738517020701975
56,URY,Uruguay,HIC,High Income,True,80961511073.5797,108502123258.158,0.0,776079.9453334943,776079.9453334943,0.0007152670584030647,-97861941741.98524,97863493901.8759,0.0,0.0,0.10826317050559625,15076731.849895053,776079.9453334943,Low Probability,1.7170866520157222
57,MAC,"Macao SAR, China",HIC,High Income,True,49467258923.3244,76733436445.1954,0.0,739090.6285197898,739090.6285197898,0.0009631924005484409,-59793110323.05226,59794588504.309296,0.0,0.0,0.16874570791601567,26927548.051622555,739090.6285197898,Low Probability,1.4925038755173066
58,EGY,"Egypt, Arab Rep.",LMC,Lower-Middle Income,True,389059911003.566,1957627322504.22,0.0,717539.4982700248,717539.4982700248,3.665352899509697e-05,-470277810880.80804,470279245959.8046,0.0,0.0,0.020829661632824997,43473336.0838377,717539.4982700248,Low Probability,2.405945278879592
59,MNE,Montenegro,UMC,Upper-Middle Income,True,8270016670.86774,17524612407.7645,0.0,619934.4998808174,619934.4998808174,0.0035375076233135267,-9995812902.681934,9997052771.681698,0.0,0.0,0.29820234516032174,5094921.681858982,619934.4998808174,Emerging Prospect,1.1627851938021418
60,MAR,Morocco,LMC,Lower-Middle Income,True,160610994054.734,354338830185.762,0.0,609348.2954640697,609348.2954640697,0.00017196768842540317,-194138904376.85568,194140123073.44662,0.0,0.0,0.04284924915400479,26107962.45768104,609348.2954640697,Low Probability,2.1264244374388968
61,PRY,Paraguay,UMC,Upper-Middle Income,True,44458118397.4445,112919442526.934,0.0,545295.0954607137,545295.0954607137,0.0004829062943085711,-53738475110.156006,53739565700.346924,0.0,0.0,0.13852667146749037,14256634.72713297,545295.0954607137,Low Probability,1.5952174009719495
62,IRN,"Iran, Islamic Rep.",UMC,Upper-Middle Income,True,475252089215.416,1600982419419.64,0.0,499810.46041009057,499810.46041009057,3.121898493996412e-05,-574463347077.2583,574464346698.1792,0.0,0.0,0.01187775032651907,43603665.02565707,499810.46041009057,Low Probability,2.6063535794423385
63,DZA,Algeria,UMC,Upper-Middle Income,True,269322281664.773,725711643445.634,0.0,481055.051208498,481055.051208498,6.628735470254802e-05,-325544461278.9016,325545423389.004,0.0,0.0,0.0201732271988985,31918530.865837608,481055.051208498,Low Probability,2.417738691304171
64,COD,"Congo, Dem. Rep.",LIC,Low Income,True,70962185790.7094,175068770052.875,0.0,447419.49416855583,447419.49416855583,0.00025556785144113613,-85775525286.2553,85776420125.24364,0.0,0.0,0.07120997017294631,17150315.007679507,447419.49416855583,Low Probability,1.910521089229305
65,CIV,Cote d'Ivoire,LMC,Lower-Middle Income,True,87113179149.284,215461462281.624,0.0,442134.88700081664,442134.88700081664,0.00020520369736603468,-105298141804.70657,105299026074.48056,0.0,0.0,0.057322326286117095,13797448.701493373,442134.88700081664,Low Probability,2.0049663610861677
66,LIE,Liechtenstein,HIC,High Income,False,8239379403.22096,,0.0,436017.3876970871,436017.3876970871,,-9958963836.60502,9959835871.380415,0.0,0.0,0.21051397934162985,4301720.629073862,436017.3876970871,Emerging Prospect,1.3710030502313335
67,OMN,Oman,HIC,High Income,True,107137198769.386,193943781868.603,0.0,410839.7229226183,410839.7229226183,0.0002118344393227118,-129502328330.64333,129503150010.08916,0.0,0.0,0.04330968512128347,19077641.259129032,410839.7229226183,Low Probability,2.122061313585568
68,KEN,Kenya,LMC,Lower-Middle Income,True,120339557905.932,329861910700.434,0.0,382402.4251660766,382402.4251660766,0.00011592803314395323,-145460788492.23746,145461553297.0878,0.0,0.0,0.03588931025285261,11704546.891716436,382402.4251660766,Low Probability,2.197766720596509
69,MMR,Myanmar,LMC,Lower-Middle Income,True,74068349523.8095,287558521666.165,0.0,374686.3233751311,374686.3233751311,0.00013029915483086095,-89530192281.4431,89530941654.08986,0.0,0.0,0.057133135531379706,16286036.736836689,374686.3233751311,Low Probability,2.0063786292913206
70,NGA,Nigeria,LMC,Lower-Middle Income,True,252261880141.151,1860089921812.28,0.0,353940.6729079801,353940.6729079801,1.9028148518924116e-05,-304922724521.2271,304923432402.57294,0.0,0.0,0.01584644069351139,28222098.875460196,353940.6729079801,Low Probability,2.505166562816272
71,ARM,Armenia,UMC,Upper-Middle Income,True,25955275380.0321,60908993989.5524,0.0,310080.09973546164,310080.09973546164,0.0005090875409773622,-31373286544.080406,31373906704.279877,0.0,0.0,0.13492770693076028,11071814.51759318,310080.09973546164,Low Probability,1.60855572041276
72,AZE,Azerbaijan,UMC,Upper-Middle Income,True,74315882352.9412,225198385162.317,0.0,303645.12059874466,303645.12059874466,0.0001348345017571442,-89829470132.00203,89830077422.24324,0.0,0.0,0.04614637104480213,39017852.19966188,303645.12059874466,Low Probability,2.0960144145883985
73,ETH,Ethiopia,LIC,Low Income,True,149740297952.986,381946190066.437,0.0,273592.2745370657,273592.2745370657,7.163110449916417e-05,-180999220251.49756,180999767436.04663,0.0,0.0,0.02063564379663651,17930479.48631057,273592.2745370657,Low Probability,2.4093967522738167
74,GHA,Ghana,LMC,Lower-Middle Income,True,82308110386.4641,242906921529.863,0.0,273033.1299237456,273033.1299237456,0.00011240236721298157,-99490154880.03455,99490700946.2944,0.0,0.0,0.03746498835445881,9532136.068958282,273033.1299237456,Low Probability,2.180644416524941
75,BHR,Bahrain,HIC,High Income,True,47109734308.5106,93559684338.3106,0.0,272528.34041599394,272528.34041599394,0.00029128822135668505,-56943904700.6389,56944449757.31973,0.0,0.0,0.06533620455743376,11223436.234148271,272528.34041599394,Low Probability,1.9484250745463985
76,AGO,Angola,LMC,Lower-Middle Income,True,100998916781.079,337255560567.664,0.0,272042.9951586085,272042.9951586085,8.066375383128136e-05,-122082781524.0825,122083325610.07283,0.0,0.0,0.030421016201108767,20767960.829113416,272042.9951586085,Low Probability,2.2626626941559698
77,PNG,Papua New Guinea,LMC,Lower-Middle Income,True,31800428265.5246,45357628034.991,0.0,269179.14700122597,269179.14700122597,0.0005934594877703229,-38438691466.45226,38439229824.74627,0.0,0.0,0.09560075660693873,7750105.589195389,269179.14700122597,Low Probability,1.7761860817938513
78,BLR,Belarus,UMC,Upper-Middle Income,True,75961865471.9129,265220428363.568,0.0,263001.2715847913,263001.2715847913,9.91632783370161e-05,-91819102859.49182,91819628862.035,0.0,0.0,0.03910345328518394,14698096.002588106,263001.2715847913,Low Probability,2.1634792491307286
79,VIR,Virgin Islands (U.S.),HIC,High Income,True,4672000000.0,4899522415.95903,0.0,261018.248353273,261018.248353273,0.005327422270853748,-5647047333.59963,5647569370.096336,0.0,0.0,0.22224892574862853,2777935.5048646485,261018.248353273,Emerging Prospect,1.3400364655334376
80,LBY,Libya,UMC,Upper-Middle Income,True,48487151215.345,92881567242.442,0.0,255487.9505265084,255487.9505265084,0.0002750685180188947,-58608882785.965126,58609393761.86617,0.0,0.0,0.05951091661735706,11124628.801053166,255487.9505265084,Low Probability,1.988904756162707
81,HND,Honduras,LMC,Lower-Middle Income,True,37093565854.0437,71296514097.7746,0.0,250397.39972584453,250397.39972584453,0.00035120566958218266,-44836822429.518974,44837323224.31843,0.0,0.0,0.07624021556537387,8713392.10977599,250397.39972584453,Low Probability,1.8800490046196872
82,UZB,Uzbekistan,LMC,Lower-Middle Income,True,114965293466.611,379988885832.125,0.0,231448.82502519057,231448.82502519057,6.09093669985501e-05,-138964764691.29626,138965227588.9463,0.0,0.0,0.02273741632012602,13974048.943285206,231448.82502519057,Low Probability,2.3734241832799974
83,LKA,Sri Lanka,LMC,Lower-Middle Income,True,98963185509.6499,301407170002.3,0.0,219580.2703259892,219580.2703259892,7.285170764992539e-05,-119622131458.71239,119622570619.25304,0.0,0.0,0.025059507690432442,10161851.320104998,219580.2703259892,Low Probability,2.3369043471974673
84,SLV,El Salvador,UMC,Upper-Middle Income,True,35364960000.0,73960892033.3419,0.0,212532.0889129448,212532.0889129448,0.0002873573899259279,-42747397478.77792,42747822542.95575,0.0,0.0,0.06787412207656784,8720644.476212282,212532.0889129448,Low Probability,1.9317170722779442
85,CMR,Cameroon,LMC,Lower-Middle Income,True,53296694320.2057,143199513689.651,0.0,203083.9326500448,203083.9326500448,0.00014181887034210063,-64422499604.50628,64422905772.371574,0.0,0.0,0.043035631216054006,11811553.37212734,203083.9326500448,Low Probability,2.124653507498481
86,TUN,Tunisia,LMC,Lower-Middle Income,True,51332285656.5422,156839034439.788,0.0,201785.83356933418,201785.83356933418,0.00012865791624520724,-62048010009.465485,62048413581.13263,0.0,0.0,0.04439693166577725,10563547.741369957,201785.83356933418,Low Probability,2.1119122391592047
87,KHM,Cambodia,LMC,Lower-Middle Income,True,46352647037.2406,123628404396.599,0.0,190791.05759363592,190791.05759363592,0.00015432623152004748,-56028852604.41983,56029234186.53502,0.0,0.0,0.046487518136452674,10495168.387029737,190791.05759363592,Low Probability,2.0929737290039694
88,CUB,Cuba,UMC,Upper-Middle Income,False,107352000000.0,,0.0,175037.6527367115,175037.6527367115,,-129762206423.73097,129762556499.03645,0.0,0.0,0.018415106147083207,14695278.777547665,175037.6527367115,Low Probability,2.451064781560476
89,GUY,Guyana,HIC,High Income,True,24662709832.1343,58605530526.6564,0.0,174955.8710111889,174955.8710111889,0.00029853133217796086,-29811025218.40455,29811375130.14657,0.0,0.0,0.0801199395724031,7123590.338580887,174955.8710111889,Low Probability,1.8576486998681039
90,TZA,Tanzania,LMC,Lower-Middle Income,True,78844405385.2195,246705840510.802,0.0,171864.40620242868,171864.40620242868,6.966369577898323e-05,-95303481609.14648,95303825337.9589,0.0,0.0,0.02461886037713868,11324447.40026006,171864.40620242868,Low Probability,2.3436016486997073
91,SMR,San Marino,HIC,High Income,True,2027527227.831,2402427595.62567,0.0,169586.68016379265,169586.68016379265,0.007058971536647988,-2450616253.9296813,2450955427.290009,0.0,0.0,0.5324611576081099,2396038.4138877527,169586.68016379265,High-Potential Prospect,0.7467603867673454
92,JOR,Jordan,LMC,Lower-Middle Income,True,53352289577.4648,109986275190.311,0.0,166230.6227409582,166230.6227409582,0.0001511376055360787,-64489737562.40574,64490070023.65122,0.0,0.0,0.03518931848335666,7580220.251852013,166230.6227409582,Low Probability,2.2055800834128467
93,BHS,"Bahamas, The",HIC,High Income,True,15832800000.0,14544121121.0956,0.0,146795.1087678285,146795.1087678285,0.0010093088990775023,-19137846285.61442,19138139875.83196,0.0,0.0,0.10471448108479209,5484448.424256987,146795.1087678285,Low Probability,1.7330704213055923
94,HTI,Haiti,LMC,Lower-Middle Income,True,25224154990.7946,33076710100.7338,0.0,127141.77288270998,127141.77288270998,0.00038438457904520966,-30489723275.141144,30489977558.686913,0.0,0.0,0.056927815953754596,6435277.012991574,127141.77288270998,Low Probability,2.0079157103000393
95,MNG,Mongolia,UMC,Upper-Middle Income,True,23794540024.5132,59366772678.5888,0.0,124627.21516121681,124627.21516121681,0.0002099275563385389,-28761670023.644108,28761919278.07443,0.0,0.0,0.05915459188961159,6274733.835413053,124627.21516121681,Low Probability,1.9914859051712845
96,CHI,Channel Islands,HIC,High Income,False,12507320838.3932,,0.0,121794.25963903627,121794.25963903627,,-15118178169.332022,15118421757.851301,0.0,0.0,0.10998043038656191,4612298.285970269,121794.25963903627,Low Probability,1.7095001597020185
97,PSE,West Bank and Gaza,LMC,Lower-Middle Income,True,13711100000.0,20339449744.6379,0.0,113913.24584729937,113913.24584729937,0.0005600606077228337,-16573261417.024462,16573489243.516157,0.0,0.0,0.0938328298475759,4680253.139086081,113913.24584729937,Low Probability,1.7849269756590458
98,XKX,Kosovo,UMC,Upper-Middle Income,True,11197246322.588,25057318186.2675,0.0,111900.57668033986,111900.57668033986,0.0004465784241095131,-13534627541.899845,13534851343.053207,0.0,0.0,0.11286881830476586,4257313.768420373,111900.57668033986,Low Probability,1.696947895495375
99,BMU,Bermuda,HIC,High Income,True,9233600000.0,7065486356.13778,0.0,111837.11993855445,111837.11993855445,0.0015828651320146086,-11161058196.617977,11161281870.857853,0.0,0.0,0.13679423754942055,3926380.36142581,111837.11993855445,Low Probability,1.6016044209082279
100,TKM,Turkmenistan,UMC,Upper-Middle Income,True,51387209872.2994,139864561024.928,0.0,109625.1506325306,109625.1506325306,7.837950502199921e-05,-62114492149.25038,62114711399.55165,0.0,0.0,0.024093952562767116,8730824.358997913,109625.1506325306,Low Probability,2.3517168431766127
101,MUS,Mauritius,UMC,Upper-Middle Income,True,14937861786.17,34895712377.9512,0.0,107394.50046473468,107394.50046473468,0.0003077584412135163,-18056123689.358414,18056338478.359344,0.0,0.0,0.08119821667833166,3726587.328279677,107394.50046473468,Low Probability,1.8515800224354189
102,ZMB,Zambia,LMC,Lower-Middle Income,True,25303185342.2511,79037328495.5792,0.0,104288.86792930518,104288.86792930518,0.00013194887771939101,-30585274544.96172,30585483122.697575,0.0,0.0,0.04654956663213836,5084741.074946012,104288.86792930518,Low Probability,2.0924227071773585
103,JAM,Jamaica,UMC,Upper-Middle Income,True,22014397089.7689,32196993701.627,0.0,100996.42235828485,100996.42235828485,0.00031368277204458757,-26609935079.337456,26610137072.182175,0.0,0.0,0.051814591619370694,5487449.656852662,100996.42235828485,Low Probability,2.0477738587643275
104,NPL,Nepal,LMC,Lower-Middle Income,True,42914268286.7109,149643411660.469,0.0,100777.20106560909,100777.20106560909,6.734489674310947e-05,-51872781437.90756,51872982992.30969,0.0,0.0,0.02652243941296238,6644168.038253701,100777.20106560909,Low Probability,2.31537884806481
105,TTO,Trinidad and Tobago,HIC,High Income,True,25633544529.4849,43732137356.2569,0.0,99642.53476443743,99642.53476443743,0.00022784739275996365,-30984602863.635456,30984802148.704983,0.0,0.0,0.04390247347694622,3576458.0860691997,99642.53476443743,Low Probability,2.116501463376529
106,BOL,Bolivia,LMC,Lower-Middle Income,True,54881327452.9667,140632330052.604,0.0,99610.67544214179,99610.67544214179,7.083056606178826e-05,-66338037993.27208,66338237214.62297,0.0,0.0,0.020499070223413747,8779658.039429568,99610.67544214179,Low Probability,2.411843372534508
107,CYM,Cayman Islands,HIC,High Income,True,7241244269.45972,5819365232.47743,0.0,97645.3997586837,97645.3997586837,0.0016779390166771493,-8752800308.515314,8752995599.314833,0.0,0.0,0.15229704454656334,3366121.1208186205,97645.3997586837,Low Probability,1.5465055988501695
108,GAB,Gabon,UMC,Upper-Middle Income,True,20895684425.6752,48046268621.9384,0.0,97076.12783887783,97076.12783887783,0.00020204717374150446,-25257688278.04498,25257882430.300655,0.0,0.0,0.052469717964080065,5795864.778084679,97076.12783887783,Low Probability,2.042488090290697
109,SVN,Slovenia,HIC,High Income,True,72972015197.3859,103495686631.162,7760000.0,7856298.881629066,96298.88162906561,9.304627541846804e-05,-88205269898.75865,88205462496.5219,0.9877424620575157,0.9877424620575157,0.9406867609576235,213879707.48849386,7856298.881629066,High-Potential Prospect,0.12549684624570936
110,BWA,Botswana,UMC,Upper-Middle Income,True,19402063512.9066,45553212807.2757,0.0,91944.18826555413,91944.18826555413,0.00020183908576228659,-23452270067.695824,23452453956.072357,0.0,0.0,0.05352161955926895,5735597.67206846,91944.18826555413,Low Probability,2.0341154813939526
111,GIN,Guinea,LMC,Lower-Middle Income,True,25008678293.4084,59260261425.5034,0.0,88793.33833895873,88793.33833895873,0.00014983622448338607,-30229302857.99827,30229480444.67495,0.0,0.0,0.04009982987071291,5690096.243560328,88793.33833895873,Low Probability,2.1533379887780715
112,UGA,Uganda,LIC,Low Income,True,53911907086.1525,144026964626.23,0.0,88125.70069436531,88125.70069436531,6.118694573829542e-05,-65166256726.970856,65166432978.37224,0.0,0.0,0.01846166107836183,7341258.765325531,88125.70069436531,Low Probability,2.450147033621495
113,BRN,Brunei Darussalam,HIC,High Income,True,15340808592.48,36588151541.3938,0.0,82378.11567914057,82378.11567914057,0.00022514970614446743,-18543213103.137234,18543377859.368595,0.0,0.0,0.06064800061329155,4386362.557220661,82378.11567914057,Low Probability,1.9807528802212049
114,NCL,New Caledonia,HIC,High Income,False,8548919387.12607,,0.0,81851.11312636713,81851.11312636713,,-10333476336.856094,10333640039.082348,0.0,0.0,0.10813499230794144,3361335.089826556,81851.11312636713,Low Probability,1.7176567171278816
115,KGZ,Kyrgyz Republic,LMC,Lower-Middle Income,True,17478259659.2625,50906871854.8587,0.0,76485.80128537295,76485.80128537295,0.0001502465158406171,-21126875943.462585,21127028915.065155,0.0,0.0,0.04942373011805542,7322599.202409054,76485.80128537295,Low Probability,2.0675522793225323
116,VEN,"Venezuela, RB",UMC,Upper-Middle Income,False,119802963257.783,,0.0,75888.78340605709,75888.78340605709,,-144812482968.62564,144812634746.19247,0.0,0.0,0.0071542302951503566,12390609.06296052,75888.78340605709,Low Probability,2.776724847901572
117,IMN,Isle of Man,HIC,High Income,False,7431257410.92713,,0.0,75122.76671673496,75122.76671673496,,-8982502368.984354,8982652614.517786,0.0,0.0,0.11417266932658465,3062476.285144151,75122.76671673496,Low Probability,1.691364312089077
118,BEN,Benin,LMC,Lower-Middle Income,True,21482643706.4249,56423799507.9997,0.0,71218.44813812232,71218.44813812232,0.00012622058202235218,-25967204728.270153,25967347165.16643,0.0,0.0,0.0374418816405559,4918318.324002498,71218.44813812232,Low Probability,2.180891030190543
119,FJI,Fiji,UMC,Upper-Middle Income,True,5968125909.27126,12624462706.4514,0.0,70673.24574849603,70673.24574849603,0.0005598119095585772,-7213937736.9229,7214079083.414397,0.0,0.0,0.13374265673800895,2587594.346428801,70673.24574849603,Low Probability,1.613007541316135
120,LBN,Lebanon,LMC,Lower-Middle Income,True,20078620356.9931,65415227251.247,0.0,67975.47449027185,67975.47449027185,0.00010391383986054417,-24270086227.357716,24270222178.306698,0.0,0.0,0.038235895427840325,7215489.284771854,67975.47449027185,Low Probability,2.172490079028615
121,SEN,Senegal,LMC,Lower-Middle Income,True,32808056600.9436,82535939325.2829,0.0,66923.12275816832,66923.12275816832,8.108361436878689e-05,-39656870587.66709,39657004433.912605,0.0,0.0,0.023038201786952286,6283371.229547666,66923.12275816832,Low Probability,2.3685156034113275
122,ABW,Aruba,HIC,High Income,True,4265650673.00236,4812141511.37331,0.0,65942.31345186936,65942.31345186936,0.0013703319675038078,-5156065194.611248,5156197079.238152,0.0,0.0,0.17459499027397496,2317463.3004814,65942.31345186936,Low Probability,1.474248702674019
123,GUM,Guam,HIC,High Income,False,6910000000.0,,0.0,65593.78472896606,65593.78472896606,,-8352438839.278106,8352570026.847564,0.0,0.0,0.1072105511032671,2817122.606694408,65593.78472896606,Low Probability,1.721784006012397
124,MOZ,Mozambique,LIC,Low Income,True,22745341305.0622,51958532879.6799,0.0,65149.859335116504,65149.859335116504,0.00012538818115974076,-27493504181.842434,27493634481.561108,0.0,0.0,0.03234997206477935,4577636.247732876,65149.859335116504,Low Probability,2.238704583631108
125,AND,Andorra,HIC,High Income,True,4039842405.48117,5402033635.11601,0.0,64438.05181083275,64438.05181083275,0.0011928480302668262,-4883119585.198073,4883248461.301696,0.0,0.0,0.1801485885213896,2247199.995132232,64438.05181083275,Low Probability,1.4573302535159194
126,PYF,French Polynesia,HIC,High Income,False,6323716355.05009,,0.0,64003.244294311946,64003.244294311946,,-7643766516.14613,7643894522.634718,0.0,0.0,0.11430954407599908,2686553.2322944575,64003.244294311946,Low Probability,1.6907810726269183
127,FRO,Faroe Islands,HIC,High Income,True,4052937169.76536,3940289911.86911,0.0,62864.02259453801,62864.02259453801,0.0015954161749666264,-4898949535.020865,4899075263.066054,0.0,0.0,0.17518026622073046,2226105.4151083743,62864.02259453801,Low Probability,1.4724471620588482
128,MDV,Maldives,UMC,Upper-Middle Income,True,7061608267.25451,12157538479.3976,0.0,62502.113149689016,62502.113149689016,0.0005141017094505298,-8535699344.022373,8535824348.2486725,0.0,0.0,0.09996407792233725,2153357.874187759,62502.113149689016,Low Probability,1.755153410180336
129,CZE,Czechia,HIC,High Income,True,347034062928.479,523047638122.857,20720000.0,20781076.04028096,61076.0402809605,1.1676955563771142e-05,-419479468451.3009,419479590603.3815,0.9970609779704105,0.9970609779704105,0.9653189693365105,810713841.7202848,20781076.04028096,High-Potential Prospect,0.07944675479212165
130,ZWE,Zimbabwe,LMC,Lower-Middle Income,True,41539411516.4448,86752463870.312,0.0,60871.344261113336,60871.344261113336,7.016670368245809e-05,-50210954879.44106,50211076622.129585,0.0,0.0,0.01655028354468791,5645919.170825678,60871.344261113336,Low Probability,2.4896160077921023
131,COG,"Congo, Rep.",LMC,Lower-Middle Income,True,15719986076.6464,39147012969.3478,0.0,55410.82863374855,55410.82863374855,0.00014154548311804874,-19001573155.434044,19001683977.09131,0.0,0.0,0.03981029294774253,4958801.188614845,55410.82863374855,Low Probability,2.156262641943399
132,CUW,Curacao,HIC,High Income,True,3561178196.20713,4485931928.22728,0.0,53966.92378865697,53966.92378865697,0.0012030259186296493,-4304541788.611198,4304649722.458776,0.0,0.0,0.17115391714688105,1983668.703421095,53966.92378865697,Low Probability,1.4849320610601706
133,MWI,Malawi,LIC,Low Income,True,11316411329.4619,35390077575.2599,0.0,53631.976762182196,53631.976762182196,0.00015154523650910175,-13678727235.706741,13678834499.660267,0.0,0.0,0.05352639137480338,2340143.16699429,53631.976762182196,Low Probability,2.0340778150395455
134,TCD,Chad,LIC,Low Income,True,19518819751.283,48979060781.1025,0.0,50600.92088709097,50600.92088709097,0.00010331133361914983,-23593441222.63131,23593542424.473083,0.0,0.0,0.02927910200660022,4211436.41815698,50600.92088709097,Low Probability,2.2774689770755474
135,BFA,Burkina Faso,LIC,Low Income,True,23124729853.0218,59994577724.1268,0.0,50527.4117704351,50527.4117704351,8.421996401537388e-05,-27952107013.940628,27952208068.764168,0.0,0.0,0.024677619866531126,5183433.263885138,50527.4117704351,Low Probability,2.342702591517094
136,YEM,"Yemen, Rep.",LIC,Low Income,False,21606160663.0318,,0.0,48710.17680330412,48710.17680330412,,-26116529107.397865,26116626527.751472,0.0,0.0,0.025462145198683034,4383793.39745458,48710.17680330412,Low Probability,2.3308735173007853
137,NAM,Namibia,LMC,Lower-Middle Income,True,13372354511.716,31153793845.0744,0.0,42754.14782046993,42754.14782046993,0.00013723576663915562,-16163871911.49555,16163957419.79119,0.0,0.0,0.036109648300882945,3172123.2817533948,42754.14782046993,Low Probability,2.195334243894908
138,GNQ,Equatorial Guinea,UMC,Upper-Middle Income,True,12765777677.0622,29247753194.9258,0.0,40257.44601722915,40257.44601722915,0.00013764286695435268,-15430670978.321945,15430751493.213978,0.0,0.0,0.035616548277031666,7893675.347793271,40257.44601722915,Low Probability,2.2007956859113107
139,FSM,"Micronesia, Fed. Sts.",LMC,Lower-Middle Income,True,471425099.488675,432741079.241925,0.0,40056.22566971263,40056.22566971263,0.009256395473219933,-569797893.6059144,569878006.0572538,0.0,0.0,0.33800953956117097,771564.568351271,40056.22566971263,Emerging Prospect,1.0815787322742285
140,SOM,"Somalia, Fed. Rep.",LIC,Low Income,True,11967000000.0,26790260348.198,0.0,39252.493044946474,39252.493044946474,0.00014651777375350038,-14465144618.775108,14465223123.7612,0.0,0.0,0.03704544703906719,2553333.066949627,39252.493044946474,Low Probability,2.185142454188842
141,SDN,Sudan,LIC,Low Income,True,49672435513.1126,93905594489.6469,0.0,38371.69323327241,38371.69323327241,4.08619885128387e-05,-60041819490.000084,60041896233.38654,0.0,0.0,0.008724657655633284,6374708.047755379,38371.69323327241,Low Probability,2.7111129234676374
142,BRB,Barbados,HIC,High Income,True,7498050000.0,6168436783.44456,0.0,38270.97961400962,38270.97961400962,0.0006204323876143942,-9063275168.141485,9063351710.100714,0.0,0.0,0.05764665770355761,2406343.151651722,38270.97961400962,Low Probability,2.002554302417195
143,AFG,Afghanistan,LIC,Low Income,True,17152234636.8715,82238478027.9442,0.0,38264.205593089726,38264.205593089726,4.652834842114631e-05,-20732829440.77315,20732905969.184338,0.0,0.0,0.02519561003287999,3620950.87835652,38264.205593089726,Low Probability,2.334856418116602
144,GRL,Greenland,HIC,High Income,True,3326543974.39193,4039549554.24062,0.0,36750.82354709736,36750.82354709736,0.0009097752869132957,-4020943465.2237844,4021016966.870878,0.0,0.0,0.12477474540118966,1647891.3056424062,36750.82354709736,Low Probability,1.6477235415595535
145,RWA,Rwanda,LIC,Low Income,True,14251642235.0968,46542623255.6292,0.0,36507.720756713614,36507.720756713614,7.843932765929369e-05,-17226722529.482075,17226795544.923588,0.0,0.0,0.028931616125207733,3437099.235130106,36507.720756713614,Low Probability,2.282073347755334
146,MLI,Mali,LIC,Low Income,True,26794747239.8805,71384118790.3552,0.0,36096.23353312597,36096.23353312597,5.0566196157909255e-05,-32388277232.840282,32388349425.307346,0.0,0.0,0.01521476009264018,4672203.767046105,36096.23353312597,Low Probability,2.519650201108925
147,NER,Niger,LIC,Low Income,True,19876128485.7857,48751250109.2132,0.0,35583.260801694465,35583.260801694465,7.298943252117713e-05,-24025355341.435516,24025426507.957123,0.0,0.0,0.020219333417566317,3823929.593137647,35583.260801694465,Low Probability,2.4168994784867275
148,LBR,Liberia,LIC,Low Income,True,4779300900.0,9239025769.781,0.0,34168.032001105654,34168.032001105654,0.0003698228888251663,-5776974797.842267,5777043133.90627,0.0,0.0,0.08074366839911834,1877296.5348672022,34168.032001105654,Low Probability,1.8541302478805841
149,DJI,Djibouti,LMC,Lower-Middle Income,True,4152145939.98458,8030434256.31262,0.0,33188.18222326623,33188.18222326623,0.0004132800439425481,-5018898413.908234,5018964790.27268,0.0,0.0,0.09027421941895164,1743937.6888508352,33188.18222326623,Low Probability,1.802929547099811
150,MDG,Madagascar,LIC,Low Income,True,17420501490.1231,52967520949.4448,0.0,31882.06506954314,31882.06506954314,6.0191725982367924e-05,-21057105009.748375,21057168773.878517,0.0,0.0,0.020669914319738147,3758914.660148741,31882.06506954314,Low Probability,2.4087850415717837
151,TJK,Tajikistan,LMC,Lower-Middle Income,True,14204575548.5536,50369738870.8902,0.0,31034.124324652723,31034.124324652723,6.16126369132083e-05,-17169835860.097078,17169897928.345728,0.0,0.0,0.02467539538416681,4980574.088461762,31034.124324652723,Low Probability,2.342736593625808
152,MRT,Mauritania,LMC,Lower-Middle Income,True,10908045686.8808,33511586137.0969,0.0,28522.52572485831,28522.52572485831,8.511243128920191e-05,-13185137896.537058,13185194941.588507,0.0,0.0,0.029532071952314724,2628960.816236449,28522.52572485831,Low Probability,2.2741465438737523
153,TGO,Togo,LIC,Low Income,True,10651180146.531,28172476918.4511,0.0,27720.2739031404,27720.2739031404,9.839487661443593e-05,-12874650918.112644,12874706358.66045,0.0,0.0,0.029393592752609908,2556458.9912527115,27720.2739031404,Low Probability,2.2759622354452156
154,SLE,Sierra Leone,LIC,Low Income,True,6971127235.3123,26779577207.271,0.0,25800.447907131405,25800.447907131405,9.634374623407517e-05,-8426366549.24689,8426418150.142705,0.0,0.0,0.041800080846650316,2037726.028738375,25800.447907131405,Low Probability,2.136516777071877
155,SYC,Seychelles,HIC,High Income,True,2167239562.46013,3548606461.02571,0.0,25308.35519701558,25308.35519701558,0.0007131913745572199,-2619638664.576409,2619689281.286803,0.0,0.0,0.13188939820841983,1188460.3071130367,25308.35519701558,Low Probability,1.6200309052244668
156,SUR,Suriname,UMC,Upper-Middle Income,True,4416775112.09627,12167816754.4816,0.0,24137.396474496778,24137.396474496778,0.00019837080851506573,-5338779582.375695,5338827857.168645,0.0,0.0,0.061721720387680715,1600904.6689849636,24137.396474496778,Low Probability,1.9731708628028317
157,BLZ,Belize,UMC,Upper-Middle Income,True,3203631800.0,5264035959.20123,0.0,22184.626445303686,22184.626445303686,0.0004214375930796264,-3872387194.7369514,3872431563.989842,0.0,0.0,0.0782100223466988,1339846.0125954088,22184.626445303686,Low Probability,1.8685628501213003
158,SWZ,Eswatini,LMC,Lower-Middle Income,True,4858885840.77236,12900985341.5671,0.0,22125.077083474076,22125.077083474076,0.00017149912582403192,-5873185620.913854,5873229871.068021,0.0,0.0,0.051428159554163876,1695562.6605022615,22125.077083474076,Low Probability,2.050918031047017
159,MHL,Marshall Islands,UMC,Upper-Middle Income,True,290108489.990234,270693540.418475,0.0,20478.085045667114,20478.085045667114,0.0075650438551320065,-350649919.70259464,350690875.872686,0.0,0.0,0.280802220295768,63365.113005378844,20478.085045667114,Emerging Prospect,1.200453316955296
160,CPV,Cabo Verde,UMC,Upper-Middle Income,True,2725414150.72735,5169488779.6525,0.0,19438.922468192708,19438.922468192708,0.0003760318146874751,-3294341454.837644,3294380332.6825805,0.0,0.0,0.08055501200626425,699391.5707406932,19438.922468192708,Low Probability,1.8551921218109202
161,LAO,Lao PDR,LMC,Lower-Middle Income,True,16502933121.3379,66822965068.7706,0.0,18556.722634322723,18556.722634322723,2.7769977903891488e-05,-19948002001.094196,19948039114.539463,0.0,0.0,0.012699687147333013,3601092.0874753827,18556.722634322723,Low Probability,2.583163330643055
162,PLW,Palau,HIC,High Income,True,276733062.744141,291183210.455899,0.0,15914.248971532534,15914.248971532534,0.005465373139686163,-334486854.68670046,334518683.1846435,0.0,0.0,0.22876876736462642,38472.41053942272,15914.248971532534,Emerging Prospect,1.3233270277891518
163,ATG,Antigua and Barbuda,HIC,High Income,True,2207622874.07407,2754237217.77357,0.0,15648.221707159555,15648.221707159555,0.0005681508334205518,-2668461897.687784,2668493194.131199,0.0,0.0,0.08005583487123319,997731.8590401843,15648.221707159555,Low Probability,1.8580115741392422
164,SXM,Sint Maarten (Dutch part),HIC,High Income,True,1797836665.95136,2050593492.7802,0.0,15327.81281744779,15327.81281744779,0.0007474817837574575,-2173130652.2568846,2173161307.8825197,0.0,0.0,0.09629036665517055,903500.5363669603,15327.81281744779,Low Probability,1.7728115952264005
165,TCA,Turks and Caicos Islands,HIC,High Income,True,1745378000.0,1553828160.67349,0.0,14538.566647573838,14538.566647573838,0.0009356611635402626,-2109721710.691,2109750787.824295,0.0,0.0,0.09407732925812001,874332.6720794212,14538.566647573838,Low Probability,1.7837103168376123
166,NIC,Nicaragua,LMC,Lower-Middle Income,True,19693982967.5926,52988712244.5939,0.0,13523.346308731525,13523.346308731525,2.5521183165026296e-05,-23805207900.891197,23805234947.583817,0.0,0.0,0.007755387410689134,4005385.229092976,13523.346308731525,Low Probability,2.750209261907305
167,MNP,Northern Mariana Islands,HIC,High Income,False,1096000000.0,,0.0,12815.187379457027,12815.187379457027,,-1324783835.8454523,1324809466.220211,0.0,0.0,0.13205878345164307,682456.3154519886,12815.187379457027,Low Probability,1.6193858309336653
168,TLS,Timor-Leste,LMC,Lower-Middle Income,True,1865608515.41321,5449823119.04932,0.0,10970.164045323565,10970.164045323565,0.0002012939467150491,-2255054644.213467,2255076584.541558,0.0,0.0,0.06641183683201142,777700.4738890559,10970.164045323565,Low Probability,1.9412796090833109
169,WSM,Samoa,UMC,Upper-Middle Income,True,1175749785.65113,1675748413.54576,0.0,9761.903526759794,9761.903526759794,0.0005825399235261292,-1421184926.4935415,1421204450.300595,0.0,0.0,0.09377185099016183,812728.1380299979,9761.903526759794,Low Probability,1.7852308096255896
170,NRU,Nauru,HIC,High Income,True,162588620.632234,148964293.072557,0.0,9704.473021710215,9704.473021710215,0.006514630332910313,-196520277.37883157,196539686.324875,0.0,0.0,0.2374397597269361,470702.8361699274,9704.473021710215,Emerging Prospect,1.3016115172840046
171,ASM,American Samoa,HIC,High Income,False,871000000.0,,0.0,9654.418085143296,9654.418085143296,,-1052816881.2111087,1052836190.0472789,0.0,0.0,0.12518746138040576,554052.5663308558,9654.418085143296,Low Probability,1.6460841098278682
172,BTN,Bhutan,LMC,Lower-Middle Income,True,3012896789.24928,11489317550.7216,0.0,9380.981483158295,9380.981483158295,8.164959704302987e-05,-3641847896.6690803,3641866658.632046,0.0,0.0,0.035165509145977575,779951.3329168014,9380.981483158295,Low Probability,2.205848174542394
173,VUT,Vanuatu,LMC,Lower-Middle Income,True,1117972034.22642,1039724287.98133,0.0,9051.984121171841,9051.984121171841,0.0008706138950304471,-1351346428.75632,1351364532.7245622,0.0,0.0,0.09144621386640067,524414.6727261579,9051.984121171841,Low Probability,1.796938604737469
174,SLB,Solomon Islands,LMC,Lower-Middle Income,True,1583964703.75061,1927776122.51779,0.0,8451.612680068198,8451.612680068198,0.0004384125615701625,-1914618496.273287,1914635399.498647,0.0,0.0,0.060262476048633815,544860.1602987901,8451.612680068198,Low Probability,1.983502421721521
175,LSO,Lesotho,LMC,Lower-Middle Income,True,2271759454.51107,6171463926.93622,0.0,7911.137590961876,7911.137590961876,0.0001281889951010263,-2745995115.5854363,2746010937.860618,0.0,0.0,0.03933050106790111,1027217.4222277233,7911.137590961876,Low Probability,2.1611491501809468
176,LCA,St. Lucia,UMC,Upper-Middle Income,True,2549062962.96296,4359235762.56497,0.0,7342.310105944313,7342.310105944313,0.00016843113118580457,-3081187983.059562,3081202667.679774,0.0,0.0,0.03253157170503419,829204.4188930962,7342.310105944313,Low Probability,2.2365128177688276
177,CAF,Central African Republic,LIC,Low Income,True,2751494281.06887,5923566230.74976,0.0,7090.95068102215,7090.95068102215,0.00011970746008059122,-3325878318.6259866,3325892500.527349,0.0,0.0,0.029106416253262223,749300.372454808,7090.95068102215,Low Probability,2.2797512270903146
178,GMB,"Gambia, The",LIC,Low Income,True,2404888749.21907,8439171637.60406,0.0,6843.461333187947,6843.461333187947,8.109162400127288e-05,-2906917026.1298704,2906930713.052537,0.0,0.0,0.03213910013736871,787812.6556357156,6843.461333187947,Low Probability,2.241262939622168
179,SYR,Syrian Arab Republic,LIC,Low Income,True,23622827079.5047,100065695233.932,0.0,6452.7990514251605,6452.7990514251605,6.448562653104951e-06,-28554229133.74795,28554242039.346058,0.0,0.0,0.0030850993591644755,2673848.71534136,6452.7990514251605,Low Probability,3.0412742137243245
180,TON,Tonga,UMC,Upper-Middle Income,True,591139749.44287,735360754.384418,0.0,5089.089639477983,5089.089639477983,0.0006920534729567041,-714538670.357716,714548848.5369948,0.0,0.0,0.09723056805900215,184492.39723771112,5089.089639477983,Low Probability,1.7682418697244335
181,MAF,St. Martin (French part),HIC,High Income,False,649206262.847519,,0.0,4751.147952007116,4751.147952007116,,-784727258.7516224,784736761.0475264,0.0,0.0,0.08265492564213262,372542.04824273323,4751.147952007116,Low Probability,1.8434845181686372
182,COM,Comoros,LMC,Lower-Middle Income,True,1440991455.45188,3018062220.97688,0.0,4310.3575193017205,4310.3575193017205,0.00014281870961250603,-1741802856.0198314,1741811476.7348702,0.0,0.0,0.03378351034912229,527310.7742401971,4310.3575193017205,Low Probability,2.2216822245116425
183,KNA,St. Kitts and Nevis,HIC,High Income,True,1122388888.88889,1436039666.27531,0.0,4257.506215187016,4257.506215187016,0.00029647553024978834,-1356690123.1109953,1356698638.1234255,0.0,0.0,0.042841514721820816,520223.2848035853,4257.506215187016,Low Probability,2.126498067897594
184,GNB,Guinea-Bissau,LIC,Low Income,True,2218393804.54798,6041125849.26546,0.0,4193.971936937941,4193.971936937941,6.94236809757553e-05,-2681492779.510861,2681501167.4547343,0.0,0.0,0.02135205906235462,493274.369841795,4193.971936937941,Low Probability,2.396789809336869
185,GRD,Grenada,UMC,Upper-Middle Income,True,1371918518.51852,2080601216.89334,0.0,4042.8666404022274,4042.8666404022274,0.0001943124231388682,-1658310791.8261147,1658318877.5593953,0.0,0.0,0.03328234997432984,504260.96579218796,4042.8666404022274,Low Probability,2.227561504274297
186,STP,Sao Tome and Principe,LMC,Lower-Middle Income,True,822154621.088897,1293398436.04085,0.0,3814.2456907281885,3814.2456907281885,0.00029490105944489646,-993780573.2084494,993788201.6998308,0.0,0.0,0.05239719612846389,385049.1397823006,3814.2456907281885,Low Probability,2.043070489596666
187,VCT,St. Vincent and the Grenadines,UMC,Upper-Middle Income,True,1157207407.40741,1882947831.4265,0.0,3327.134284104006,3327.134284104006,0.00017669816595945766,-1398778149.0369954,1398784803.3055634,0.0,0.0,0.03247222220422513,435620.2395135029,3327.134284104006,Low Probability,2.237227961826176
188,KIR,Kiribati,LMC,Lower-Middle Income,True,307862564.489711,438143459.626784,0.0,2385.069205984004,2385.069205984004,0.0005443580529572746,-372128358.00957894,372133128.14799094,0.0,0.0,0.08749777071132114,171445.43570308018,2385.069205984004,Low Probability,1.8173758876160162
189,DMA,Dominica,UMC,Upper-Middle Income,True,688881481.481481,1240639596.30121,0.0,2104.3403561204864,2104.3403561204864,0.00016961737819704264,-832687566.8505213,832691775.5312335,0.0,0.0,0.03450041819673508,291015.9060029987,2104.3403561204864,Low Probability,2.2134005452438315
190,BDI,Burundi,LIC,Low Income,True,3082433067.32634,14767865865.0483,0.0,795.6085642052709,795.6085642052709,5.387430868317064e-06,-3725908880.14581,3725910471.362939,0.0,0.0,0.002915135055393498,571260.2073643534,795.6085642052709,Low Probability,3.0583844896032426
191,TUV,Tuvalu,UMC,Upper-Middle Income,True,62280311.5852172,57054510.9926258,0.0,390.2469404543842,390.2469404543842,0.0006839896331857492,-75281314.32730865,75282094.82118955,0.0,0.0,0.07076876485873099,52230.08535244628,390.2469404543842,Low Probability,1.913277085833295
192,SVK,Slovak Republic,HIC,High Income,True,140934076532.375,218612696723.355,3870000.0,3824161.0305070314,-45838.96949296864,-2.0968118585983088e-05,-170354966100.3702,170354874422.43124,1.0119866734500171,1.0,0.9505814373765175,333025800.2772032,3824161.0305070314,Exceeded Target,0.10748959839816356
193,PRT,Portugal,HIC,High Income,True,313271185085.102,451285619975.167,19970000.0,17421898.760761864,-2548101.2392381355,-0.0005646316050084536,-378670994146.70416,378665897944.22565,1.14625852636551,1.0,0.9162710721824704,680282242.3723899,17421898.760761864,Exceeded Target,0.16791909448949013
194,LUX,Luxembourg,HIC,High Income,True,93279851863.4062,86979306129.8114,82290000.0,78889725.12580356,-3400274.87419644,-0.00390929179076427,-112755987279.87344,112749186730.12506,1.0431016189849072,1.0,0.9864429279616043,373857606.88646126,78889725.12580356,Exceeded Target,0.0351879085456478
195,LVA,Latvia,HIC,High Income,True,43684254432.3609,70188039947.5369,11500000.0,7821380.532291824,-3678619.467708176,-0.005241091602583311,-52807286260.76137,52799929021.82596,1.4703286654472834,1.0,0.9481937335578358,140027593.08056095,7821380.532291824,Exceeded Target,0.11188748970196198
196,EST,Estonia,HIC,High Income,True,43130419829.35,56526269527.8885,6560000.0,2661609.1344398125,-3898390.8655601875,-0.0068966002853537494,-52138055094.84633,52130258313.115204,2.4646744389012927,1.0,0.37389351322341724,67709779.29684442,2661609.1344398125,Exceeded Target,1.0132324948341183
197,LTU,Lithuania,HIC,High Income,True,84869215513.3648,136226690609.618,12740000.0,8718585.00149322,-4021414.9985067807,-0.002952002269533851,-102590200692.2698,102582157862.2728,1.461246291435828,1.0,0.953839113280591,263907334.92394707,8718585.00149322,Exceeded Target,0.10142999224090897
198,HRV,Croatia,HIC,High Income,True,92983810328.9088,165586244677.558,6500000.0,1684466.8875808516,-4815533.112419149,-0.002908172186522085,-112399560536.77156,112389929470.5467,3.8587876365649314,1.0,0.3753833870134432,102376596.42621785,1684466.8875808516,Exceeded Target,1.0104794826625063
199,CYP,Cyprus,HIC,High Income,True,37634533331.8902,51220475871.3833,7760000.0,2779614.039359421,-4980385.960640579,-0.009723427742347673,-45495950934.566124,45485990162.644844,2.791754499048486,1.0,0.32558265822991717,54112176.46297972,2779614.039359421,Exceeded Target,1.1062581879439055
200,IRL,Ireland,HIC,High Income,True,609157459747.205,642302599499.143,153210000.0,145216322.96364483,-7993677.036355168,-0.0012445344363526641,-736330769794.5219,736314782440.4491,1.055046683962356,1.0,0.9592983548958427,2229808158.9834633,145216322.96364483,Exceeded Target,0.0911075171560347
201,AUS,Australia,HIC,High Income,True,1757022451652.83,1640076053462.49,285000000.0,276003393.8961611,-8996606.10383892,-0.0005485481045129278,-2123820547463.0059,2123802554250.7983,1.0325959981029207,1.0,0.8936208101077463,3514384199.2889423,276003393.8961611,Exceeded Target,0.2054108404080167
202,POL,Poland,HIC,High Income,True,917767106146.761,1650760655426.38,40670000.0,27828848.20355578,-12841151.796444219,-0.0007778930127897577,-1109369400140.2292,1109343717836.6365,1.4614331036094934,1.0,0.9329130565851091,1514633537.2374613,27828848.20355578,Exceeded Target,0.13928083243018427
203,ESP,Spain,HIC,High Income,True,1725671652742.19,2367229021292.26,433400000.0,411139327.03219527,-22260672.96780473,-0.0009403683702581818,-2085938343095.5454,2085893821749.6099,1.0541438668212384,1.0,0.9061137934531326,2840371236.3949614,411139327.03219527,Exceeded Target,0.18491614030036885
204,ITA,Italy,HIC,High Income,True,2380825077243.59,3140115970004.12,794200000.0,771186675.8804948,-23013324.119505167,-0.0007328813438528824,-2877859773385.516,2877813746737.277,1.0298414441525847,1.0,0.9348094759954453,3912507576.414024,771186675.8804948,Exceeded Target,0.1359447346280891
205,JPN,Japan,HIC,High Income,True,4027597523550.58,5716122875047.88,2772140000.0,2748485199.6924143,-23654800.307585716,-0.00041382595904024505,-4868406602709.008,4868359293108.393,1.0086064863329929,1.0,0.8188626030490646,10460277634.200045,2748485199.6924143,Exceeded Target,0.3217129322450922
206,NZL,New Zealand,HIC,High Income,True,260172385097.616,260760464700.573,65000000.0,40869404.49591343,-24130595.50408657,-0.009253931776734383,-314509079928.11896,314460818737.1108,1.590431786362324,1.0,0.8359048930155923,538978408.6883589,40869404.49591343,Exceeded Target,0.2959067262260325
207,KWT,Kuwait,HIC,High Income,True,160227273053.334,225947312136.531,95000000.0,25169439.989708893,-69830560.0102911,-0.030905682988649697,-193745519196.1234,193605858076.10284,3.7744185027097523,1.0,0.07861771253060142,107158040.78257746,25169439.989708893,Exceeded Target,1.8662150590349438
208,DNK,Denmark,HIC,High Income,True,424524722037.047,426944264564.674,479320000.0,395453659.38858145,-83866340.61141855,-0.01964339319487787,-513230700314.44684,513062967633.22406,1.2120762790287134,1.0,0.9407917546122732,1773116841.998093,395453659.38858145,Exceeded Target,0.12530862979872903
209,NOR,Norway,HIC,High Income,True,483592648313.301,507663853531.356,468210000.0,376263741.39859015,-91946258.60140985,-0.018111641780643492,-584637494570.243,584453602053.0402,1.2443665133920192,1.0,0.8856109453710024,3756459410.280694,376263741.39859015,Exceeded Target,0.21834432245705107
210,KOR,"Korea, Rep.",HIC,High Income,True,1875388209406.8,2849979724104.21,620100000.0,498046609.66578424,-122053390.33421576,-0.004282605567398515,-2267008932230.286,2266764825449.618,1.245064192719071,1.0,0.8983237551641314,3473346276.200616,498046609.66578424,Exceeded Target,0.19774446831031223
211,GBR,United Kingdom,HIC,High Income,True,3686033044482.13,3642753739205.27,2519560000.0,2267333255.03731,-252226744.96268988,-0.006924067972207133,-4455767037809.086,4455262584319.16,1.111243790211395,1.0,0.965131738168674,7869016712.87327,2267333255.03731,Exceeded Target,0.07981423689605276
212,CHN,China,UMC,Upper-Middle Income,True,18743803170827.2,33597882047418.8,1500050000.0,23538508.00652756,-1476511491.9934723,-0.004394656454563353,-22658162340260.65,22655209317276.664,63.72748857251339,1.0,0.01731646297164251,3890225146.14647,23538508.00652756,Exceeded Target,2.4733365937015637
213,ERI,Eritrea,LIC,Low Income,False,,,0.0,,,,,,,,0.00022503724092633718,0.005373924017790706,,Low Probability,3.7597239252329153
214,PRK,"Korea, Dem. People's Rep.",LIC,Low Income,False,,,0.0,,,,,,,,0.0005373519163371887,0.00642811122267701,,Low Probability,3.535325702487768
215,SSD,South Sudan,LIC,Low Income,False,,,0.0,,,,,,,,0.01088432693899446,0.013174196788908597,,Low Probability,2.636367473336479
